vessel,begin_date,end_date,begin_port_id,end_port_id
1,1/1/2019 19:26,1/16/2019 22:59,138,102
1,1/17/2019 22:50,2/13/2019 16:43,102,138
1,2/14/2019 22:44,3/1/2019 10:51,138,33
1,3/2/2019 7:48,3/16/2019 6:53,33,138
1,7/17/2019 16:33,8/12/2019 23:43,138,72
1,8/13/2019 23:44,9/15/2019 16:32,72,138
1,9/16/2019 16:31,9/30/2019 2:41,138,95
1,10/1/2019 10:31,10/16/2019 7:29,95,138
1,10/17/2019 10:31,11/1/2019 4:30,138,27
1,11/2/2019 7:27,11/17/2019 5:30,27,138
1,11/18/2019 8:16,12/2/2019 2:32,138,95
2,1/14/2019 7:59,1/29/2019 10:59,13,104
2,1/30/2019 19:54,2/13/2019 4:49,104,13
2,2/15/2019 7:59,3/15/2019 12:54,13,10
2,3/16/2019 21:42,4/23/2019 6:31,10,138
2,4/24/2019 4:18,7/11/2019 4:32,138,10
2,7/12/2019 10:33,7/24/2019 1:31,10,36
2,7/25/2019 2:56,8/8/2019 6:27,36,97
2,8/9/2019 11:43,9/9/2019 20:17,97,55
2,9/11/2019 4:41,10/7/2019 21:46,55,11
2,10/8/2019 23:50,11/10/2019 0:43,11,138
2,11/11/2019 5:31,12/16/2019 19:51,138,55
3,1/24/2019 7:53,3/5/2019 10:14,104,32
3,3/6/2019 13:58,4/21/2019 1:30,32,138
3,4/21/2019 22:17,5/6/2019 8:47,138,83
3,5/7/2019 13:32,5/22/2019 16:29,83,138
3,5/23/2019 16:34,5/30/2019 8:40,138,83
3,5/31/2019 14:50,6/4/2019 5:50,83,138
3,6/5/2019 14:50,6/23/2019 15:59,138,84
3,6/25/2019 4:33,7/11/2019 18:52,84,91
3,7/13/2019 11:55,8/3/2019 1:32,91,35
3,8/4/2019 8:47,8/25/2019 1:30,35,57
3,8/26/2019 5:45,9/30/2019 14:06,57,120
3,10/1/2019 14:53,10/15/2019 11:52,120,165
3,10/16/2019 17:46,11/15/2019 21:56,165,23
4,1/26/2019 22:59,2/21/2019 1:36,57,7
4,2/22/2019 1:57,3/11/2019 9:52,7,104
4,3/12/2019 18:58,3/27/2019 3:56,104,13
4,3/29/2019 4:48,4/24/2019 22:26,13,138
4,4/25/2019 20:56,6/3/2019 5:46,138,10
4,6/4/2019 14:51,6/13/2019 1:28,10,20
4,6/14/2019 1:32,6/25/2019 7:33,20,138
4,6/26/2019 8:49,8/7/2019 3:19,138,55
4,8/7/2019 20:03,9/30/2019 23:12,55,91
4,10/2/2019 11:51,11/8/2019 0:43,91,58
4,11/8/2019 21:55,12/1/2019 8:36,58,55
5,1/18/2019 7:54,2/2/2019 10:54,104,29
5,2/4/2019 1:57,2/18/2019 0:48,29,99
5,2/19/2019 4:57,3/3/2019 4:55,99,149
5,3/5/2019 1:59,4/4/2019 22:14,149,91
5,4/6/2019 13:24,4/21/2019 10:14,91,83
5,4/22/2019 13:24,4/28/2019 14:44,83,138
5,4/29/2019 13:31,6/23/2019 4:29,138,10
5,6/24/2019 10:31,7/28/2019 7:29,10,97
5,7/29/2019 8:46,8/6/2019 17:46,97,83
5,8/7/2019 20:53,8/12/2019 1:31,83,138
5,8/12/2019 23:52,9/4/2019 23:34,138,84
5,9/6/2019 3:44,9/27/2019 10:31,84,138
5,9/28/2019 14:56,10/18/2019 15:33,138,122
5,10/19/2019 2:58,10/22/2019 9:06,122,55
5,10/23/2019 13:04,11/23/2019 2:29,55,87
5,11/24/2019 12:58,12/17/2019 6:47,87,10
6,1/10/2019 0:38,3/14/2019 15:11,7,32
6,3/16/2019 9:56,3/25/2019 2:56,32,11
6,3/26/2019 3:59,4/18/2019 1:14,11,90
6,4/19/2019 4:24,4/28/2019 20:52,90,23
6,4/29/2019 23:45,5/13/2019 22:52,23,32
6,5/14/2019 23:29,5/27/2019 23:13,32,11
6,5/28/2019 23:38,6/12/2019 21:01,11,32
6,6/13/2019 23:42,6/27/2019 2:52,32,29
6,6/28/2019 4:31,7/6/2019 7:30,29,32
6,7/7/2019 7:30,7/30/2019 1:06,32,73
6,7/30/2019 23:52,8/8/2019 20:54,73,22
6,8/9/2019 23:44,10/6/2019 10:30,22,138
6,10/7/2019 18:59,12/4/2019 12:55,138,175
7,1/6/2019 16:41,1/15/2019 7:55,10,20
7,1/16/2019 4:58,1/28/2019 7:46,20,91
7,1/29/2019 16:46,2/16/2019 16:58,91,83
7,2/19/2019 13:57,2/24/2019 7:40,83,138
7,2/25/2019 1:50,3/3/2019 14:44,138,19
7,3/5/2019 0:21,3/8/2019 19:47,19,10
7,5/8/2019 10:30,5/25/2019 2:43,10,87
7,5/26/2019 1:30,6/6/2019 1:31,87,10
7,6/7/2019 4:30,6/19/2019 23:48,10,95
7,6/20/2019 23:49,7/21/2019 2:36,95,10
7,7/22/2019 10:30,8/2/2019 23:46,10,20
7,8/3/2019 23:52,8/14/2019 8:57,20,10
7,8/15/2019 8:46,8/25/2019 0:26,10,95
7,8/26/2019 10:28,9/9/2019 16:30,95,91
7,9/10/2019 20:52,10/3/2019 21:35,91,23
7,10/5/2019 8:06,10/30/2019 23:48,23,91
7,11/1/2019 5:56,11/26/2019 9:45,91,120
8,1/26/2019 18:48,2/6/2019 19:59,10,93
8,2/7/2019 19:55,2/17/2019 22:04,93,138
8,2/19/2019 19:39,4/16/2019 22:24,138,18
8,4/18/2019 1:16,4/27/2019 21:09,18,32
8,4/28/2019 20:53,5/7/2019 22:52,32,154
8,5/9/2019 1:21,5/23/2019 16:24,154,121
8,5/24/2019 16:29,6/19/2019 20:46,121,91
8,6/21/2019 5:45,7/11/2019 7:32,91,126
8,7/12/2019 20:47,8/1/2019 4:31,126,57
8,8/2/2019 5:48,8/19/2019 0:43,57,35
8,8/20/2019 8:51,9/12/2019 3:10,35,57
8,9/13/2019 5:56,10/16/2019 10:07,57,120
8,10/17/2019 10:31,10/28/2019 23:51,120,138
8,10/29/2019 23:52,11/30/2019 18:45,138,58
8,12/1/2019 18:45,12/14/2019 11:28,58,100
8,12/16/2019 0:42,12/23/2019 22:00,100,139
9,1/24/2019 4:21,4/21/2019 4:28,51,57
9,4/23/2019 4:23,5/9/2019 4:30,57,15
9,5/10/2019 4:30,6/7/2019 10:30,15,10
9,6/8/2019 16:30,7/4/2019 8:43,10,120
9,7/5/2019 8:43,7/24/2019 10:30,120,10
9,7/25/2019 17:46,8/17/2019 23:33,10,84
9,8/19/2019 6:15,9/9/2019 20:54,84,138
9,10/23/2019 10:30,11/16/2019 9:45,138,120
9,11/17/2019 11:29,11/30/2019 21:49,120,138
10,2/5/2019 22:57,2/15/2019 16:53,10,140
10,2/17/2019 10:46,3/3/2019 10:26,140,55
10,3/3/2019 13:56,4/4/2019 18:58,55,92
10,4/5/2019 21:41,4/15/2019 22:17,92,70
10,4/17/2019 0:45,5/19/2019 7:31,70,10
10,6/22/2019 20:48,7/8/2019 1:10,10,95
10,7/9/2019 4:29,7/24/2019 18:59,95,138
10,7/25/2019 16:31,9/4/2019 7:30,138,10
10,9/5/2019 7:29,9/15/2019 4:59,10,87
10,9/16/2019 5:17,10/2/2019 2:53,87,57
10,10/3/2019 4:31,11/9/2019 17:27,57,165
10,11/11/2019 9:54,11/24/2019 3:52,165,20
10,11/25/2019 5:29,12/13/2019 23:10,20,91
11,1/11/2019 4:19,2/14/2019 10:26,139,138
11,4/16/2019 1:25,5/10/2019 23:27,138,23
11,5/12/2019 1:28,6/12/2019 5:52,23,91
11,6/13/2019 7:33,6/28/2019 8:47,91,83
11,6/29/2019 14:55,7/6/2019 15:39,83,138
11,7/7/2019 16:32,7/12/2019 8:14,138,83
11,7/13/2019 13:31,7/17/2019 4:30,83,138
11,7/18/2019 10:33,9/16/2019 7:42,138,55
11,9/17/2019 11:42,10/14/2019 1:28,55,20
11,10/15/2019 1:30,10/27/2019 10:29,20,138
12,1/6/2019 4:58,1/20/2019 4:58,65,104
12,1/21/2019 7:48,2/2/2019 1:54,104,65
12,2/3/2019 4:51,2/18/2019 4:50,65,104
12,2/19/2019 7:57,3/2/2019 3:33,104,65
12,3/3/2019 4:46,3/13/2019 21:44,65,104
12,3/15/2019 0:45,3/28/2019 6:52,104,65
12,3/29/2019 12:48,4/12/2019 4:20,65,104
12,4/13/2019 4:23,4/26/2019 23:45,104,149
12,4/28/2019 20:52,5/10/2019 16:29,149,104
12,5/11/2019 18:59,5/24/2019 1:31,104,65
12,5/25/2019 5:49,6/12/2019 7:16,65,104
12,6/13/2019 7:00,6/25/2019 1:30,104,65
12,6/25/2019 23:51,7/8/2019 4:31,65,104
12,7/9/2019 4:32,7/19/2019 2:45,104,65
12,7/20/2019 5:51,8/16/2019 7:29,65,97
12,8/17/2019 11:57,9/20/2019 14:42,97,55
12,9/21/2019 17:54,10/18/2019 11:32,55,36
12,10/19/2019 13:30,10/29/2019 5:55,36,10
12,10/30/2019 11:49,11/28/2019 21:46,10,149
13,1/25/2019 19:32,2/15/2019 13:38,55,27
13,2/16/2019 15:35,3/3/2019 22:54,27,138
13,3/5/2019 7:51,4/11/2019 7:15,138,55
13,4/12/2019 13:13,5/4/2019 23:51,55,72
13,5/6/2019 1:31,5/20/2019 1:30,72,104
13,5/21/2019 2:44,6/1/2019 5:33,104,29
13,6/2/2019 23:53,6/16/2019 1:29,29,104
13,6/17/2019 1:32,6/30/2019 5:53,104,13
13,7/2/2019 4:29,7/14/2019 10:30,13,104
13,7/15/2019 10:31,7/27/2019 2:57,104,13
13,7/29/2019 2:54,8/9/2019 17:54,13,104
13,8/10/2019 23:43,8/25/2019 1:28,104,13
13,8/27/2019 4:27,10/2/2019 10:29,13,138
13,10/3/2019 18:59,11/12/2019 21:53,138,32
14,1/20/2019 16:48,2/17/2019 6:17,55,72
14,2/18/2019 4:59,4/30/2019 2:25,72,73
14,5/1/2019 1:26,5/11/2019 1:30,73,51
14,5/12/2019 1:24,5/22/2019 16:27,51,156
14,5/23/2019 16:33,6/2/2019 23:49,156,14
14,6/4/2019 5:50,6/17/2019 2:15,14,99
14,6/18/2019 5:56,6/26/2019 20:46,99,30
14,6/27/2019 20:51,7/28/2019 20:49,30,99
14,7/30/2019 2:55,8/7/2019 22:14,99,151
14,8/9/2019 20:55,10/7/2019 16:31,151,32
14,10/9/2019 2:39,11/21/2019 2:30,32,91
15,1/8/2019 13:47,1/20/2019 7:54,56,10
15,1/21/2019 16:52,2/20/2019 4:54,10,55
15,2/21/2019 4:36,4/17/2019 13:21,55,104
15,4/18/2019 22:16,5/6/2019 23:52,104,75
15,5/8/2019 2:56,6/7/2019 2:54,75,57
15,6/8/2019 7:12,7/3/2019 23:47,57,75
15,7/5/2019 5:52,7/12/2019 19:03,75,92
15,7/13/2019 23:14,7/22/2019 4:30,92,58
15,7/23/2019 4:31,8/25/2019 2:44,58,91
15,8/26/2019 5:45,9/16/2019 5:16,91,126
15,9/17/2019 20:55,10/6/2019 4:28,126,57
15,11/19/2019 5:30,12/19/2019 6:52,57,10
16,1/20/2019 4:43,2/18/2019 16:58,136,46
16,2/19/2019 16:59,3/6/2019 8:27,46,57
16,3/7/2019 13:18,4/18/2019 18:59,57,91
16,4/19/2019 22:18,7/2/2019 20:33,91,55
16,8/25/2019 7:05,10/28/2019 2:43,55,57
16,10/29/2019 4:29,11/27/2019 6:56,57,10
16,11/28/2019 11:30,12/10/2019 9:13,10,20
17,1/7/2019 19:51,2/8/2019 10:53,138,11
17,2/9/2019 22:58,3/12/2019 18:35,11,37
17,3/13/2019 19:51,3/19/2019 9:55,37,27
17,4/7/2019 10:22,4/25/2019 11:10,27,91
17,4/26/2019 14:51,5/27/2019 23:53,91,139
17,5/28/2019 23:48,7/1/2019 16:30,139,138
17,7/3/2019 2:51,8/4/2019 8:46,138,120
17,8/5/2019 11:52,8/26/2019 18:59,120,175
17,8/27/2019 20:53,9/27/2019 20:24,175,7
17,9/28/2019 20:47,11/5/2019 14:32,7,138
18,1/4/2019 1:59,1/17/2019 1:57,121,70
18,1/18/2019 1:59,1/30/2019 19:46,70,32
18,1/31/2019 19:57,2/23/2019 22:45,32,104
18,2/25/2019 1:31,3/7/2019 7:43,104,13
18,3/9/2019 7:59,3/24/2019 9:49,13,104
18,3/25/2019 10:57,4/7/2019 22:26,104,149
18,4/11/2019 22:21,5/13/2019 18:59,149,138
18,5/14/2019 18:59,5/17/2019 8:43,138,83
18,5/18/2019 13:31,5/27/2019 2:43,83,138
18,5/28/2019 5:51,7/14/2019 5:52,138,10
18,7/16/2019 5:50,7/29/2019 11:50,10,120
18,7/30/2019 11:49,8/10/2019 5:43,120,10
18,8/11/2019 13:33,9/29/2019 10:31,10,165
18,10/9/2019 8:50,11/12/2019 2:30,165,58
19,1/18/2019 7:47,2/5/2019 4:42,147,35
19,2/6/2019 13:31,3/1/2019 9:53,35,147
19,3/2/2019 15:49,3/19/2019 21:49,147,23
19,3/21/2019 9:47,4/9/2019 4:18,23,147
19,4/10/2019 6:37,4/30/2019 20:55,147,45
19,5/2/2019 14:56,5/23/2019 3:56,45,147
19,7/12/2019 10:33,7/30/2019 23:49,147,35
19,8/1/2019 5:46,8/23/2019 4:18,35,147
19,8/24/2019 8:42,9/10/2019 16:27,147,23
19,9/12/2019 6:02,10/3/2019 3:56,23,147
19,10/4/2019 7:30,10/21/2019 20:57,147,136
19,10/22/2019 23:46,11/7/2019 5:30,136,147
19,11/8/2019 8:30,11/24/2019 3:54,147,56
19,11/27/2019 12:49,12/10/2019 3:48,56,147
19,12/11/2019 8:31,12/28/2019 19:55,147,23
20,1/15/2019 10:55,1/29/2019 10:49,91,56
20,2/1/2019 16:43,3/3/2019 22:38,56,32
20,3/4/2019 16:53,3/18/2019 9:48,32,149
20,3/20/2019 0:59,4/17/2019 19:23,149,138
20,4/19/2019 16:25,6/15/2019 2:51,138,57
20,6/16/2019 7:30,7/28/2019 8:56,57,104
20,7/29/2019 11:51,8/8/2019 23:42,104,75
20,8/10/2019 4:26,8/22/2019 5:43,75,32
20,8/23/2019 7:31,9/19/2019 2:49,32,104
20,9/20/2019 7:32,10/5/2019 23:47,104,13
20,10/8/2019 2:57,11/4/2019 9:51,13,138
20,11/5/2019 9:54,12/8/2019 21:45,138,54
20,12/10/2019 0:49,12/18/2019 0:51,54,32
21,1/4/2019 7:47,2/4/2019 18:10,23,91
21,2/4/2019 22:43,3/14/2019 11:49,91,138
21,3/16/2019 0:40,3/27/2019 9:59,138,46
21,3/28/2019 9:59,5/21/2019 8:52,46,10
21,5/22/2019 13:31,6/7/2019 10:32,10,138
21,6/8/2019 16:31,8/9/2019 14:49,138,91
21,8/11/2019 13:33,9/12/2019 20:47,91,7
21,9/13/2019 18:59,10/23/2019 18:59,7,138
21,10/26/2019 12:00,12/4/2019 21:48,138,139
22,6/4/2019 11:44,6/6/2019 7:30,10,19
22,6/7/2019 13:32,6/12/2019 7:37,19,10
22,7/21/2019 7:32,8/24/2019 17:42,10,160
22,8/26/2019 13:32,12/3/2019 2:31,160,100
23,1/13/2019 4:45,3/26/2019 11:20,7,10
23,3/27/2019 16:57,4/16/2019 7:18,10,140
23,4/18/2019 7:25,6/20/2019 10:32,140,10
23,6/21/2019 14:55,6/23/2019 7:23,10,19
23,6/24/2019 7:32,7/1/2019 10:31,19,10
23,7/2/2019 20:50,7/24/2019 23:01,10,23
23,7/26/2019 8:46,8/3/2019 0:00,23,59
23,8/4/2019 2:53,8/15/2019 18:20,59,23
23,8/17/2019 1:31,10/3/2019 16:32,23,10
23,10/5/2019 8:05,11/4/2019 20:12,10,7
23,11/5/2019 18:58,11/14/2019 21:56,7,99
23,11/16/2019 0:45,11/24/2019 0:50,99,154
23,11/25/2019 0:49,12/9/2019 0:02,154,59
23,12/10/2019 0:40,12/31/2019 20:06,59,58
24,1/15/2019 18:47,2/19/2019 22:52,160,23
24,2/21/2019 1:57,3/27/2019 15:59,23,160
24,3/29/2019 13:38,4/26/2019 4:30,160,23
24,4/27/2019 7:30,5/23/2019 14:37,23,138
24,5/24/2019 16:32,6/5/2019 17:53,138,20
24,6/7/2019 2:54,6/23/2019 3:22,20,138
24,6/24/2019 8:18,8/4/2019 20:49,138,51
24,8/6/2019 2:57,9/5/2019 8:54,51,138
24,9/6/2019 14:48,10/17/2019 1:31,138,139
24,10/18/2019 17:47,11/22/2019 9:51,139,138
25,1/5/2019 7:52,2/9/2019 21:49,104,156
25,2/11/2019 15:25,2/21/2019 7:58,156,14
25,2/22/2019 5:58,4/4/2019 5:59,14,10
25,4/5/2019 12:02,4/14/2019 16:18,10,120
25,4/15/2019 15:44,5/16/2019 7:31,120,10
25,6/26/2019 13:34,7/17/2019 3:12,10,27
25,7/19/2019 11:48,9/18/2019 20:56,27,23
25,9/20/2019 5:22,10/18/2019 8:44,23,10
25,11/19/2019 5:30,12/3/2019 21:48,10,33
26,2/24/2019 14:37,3/10/2019 15:50,147,140
26,3/12/2019 9:45,3/29/2019 4:39,140,147
26,3/30/2019 13:17,4/12/2019 4:06,147,153
26,4/13/2019 4:23,5/3/2019 4:24,153,147
26,5/4/2019 7:31,5/24/2019 5:31,147,23
26,5/25/2019 1:31,6/21/2019 4:29,23,147
26,8/2/2019 10:31,8/18/2019 19:46,147,23
26,8/20/2019 3:42,9/9/2019 3:46,23,147
26,9/10/2019 11:45,9/25/2019 22:44,147,79
26,9/27/2019 2:45,10/17/2019 4:26,79,147
27,2/15/2019 13:55,3/1/2019 4:06,104,139
27,3/2/2019 4:29,4/2/2019 8:45,139,55
27,4/3/2019 10:12,4/26/2019 19:34,55,11
27,4/27/2019 20:35,5/3/2019 17:29,11,92
27,5/5/2019 0:05,5/10/2019 16:30,92,121
27,5/11/2019 18:59,6/10/2019 17:41,121,91
27,6/12/2019 7:17,7/4/2019 8:41,91,83
27,7/5/2019 14:51,7/12/2019 13:31,83,138
27,7/15/2019 10:32,7/20/2019 8:50,138,83
27,7/21/2019 13:31,7/26/2019 23:50,83,138
27,7/28/2019 1:31,9/21/2019 4:30,138,57
27,9/22/2019 13:30,10/22/2019 20:57,57,51
27,10/23/2019 23:48,11/19/2019 12:01,51,91
28,4/30/2019 16:25,5/10/2019 1:30,91,144
28,5/11/2019 8:55,6/4/2019 8:31,144,91
28,7/26/2019 4:30,8/3/2019 23:53,91,36
28,8/4/2019 23:52,8/17/2019 20:45,36,91
28,8/19/2019 5:44,9/13/2019 22:57,91,174
28,9/17/2019 8:59,10/10/2019 8:49,174,91
28,10/12/2019 1:31,10/23/2019 4:29,91,144
28,10/24/2019 5:55,11/6/2019 16:53,144,91
29,1/8/2019 6:18,1/26/2019 9:13,147,23
29,1/27/2019 13:46,2/14/2019 14:47,23,147
29,2/15/2019 13:57,3/5/2019 7:44,147,23
29,3/6/2019 7:48,3/25/2019 0:13,23,147
29,3/25/2019 15:58,4/11/2019 21:38,147,23
29,4/13/2019 1:17,5/8/2019 3:48,23,147
29,5/9/2019 10:31,5/27/2019 2:40,147,23
29,5/28/2019 2:43,6/14/2019 3:29,23,147
29,6/15/2019 5:55,7/6/2019 8:39,147,23
29,7/7/2019 18:58,7/28/2019 9:49,23,147
29,9/19/2019 1:19,10/5/2019 23:30,147,35
29,10/7/2019 4:28,10/25/2019 4:02,35,147
30,1/27/2019 7:59,3/16/2019 15:40,91,138
30,3/18/2019 9:59,3/30/2019 7:24,138,46
30,3/31/2019 13:26,4/13/2019 13:15,46,160
30,4/15/2019 13:25,5/2/2019 20:40,160,136
30,5/3/2019 23:49,5/17/2019 2:50,136,138
30,5/18/2019 11:56,6/4/2019 20:54,138,136
30,6/5/2019 18:59,7/11/2019 10:32,136,160
30,7/12/2019 16:32,7/22/2019 18:55,160,120
30,7/23/2019 18:59,8/3/2019 23:49,120,138
30,8/5/2019 1:32,9/16/2019 8:45,138,35
30,9/18/2019 20:56,10/8/2019 5:34,35,91
30,10/10/2019 4:31,11/17/2019 21:36,91,29
31,1/5/2019 22:50,2/6/2019 10:59,138,10
31,2/7/2019 15:50,2/17/2019 16:49,10,93
31,2/18/2019 19:50,2/26/2019 1:46,93,138
31,2/27/2019 4:56,3/6/2019 16:46,138,83
31,3/7/2019 22:46,3/11/2019 21:39,83,138
31,3/12/2019 21:45,4/9/2019 22:56,138,11
31,4/11/2019 1:21,5/7/2019 2:54,11,57
31,5/8/2019 8:50,6/10/2019 20:52,57,32
31,6/11/2019 23:46,7/20/2019 9:59,32,91
31,7/21/2019 13:32,8/11/2019 10:26,91,35
31,8/12/2019 20:54,9/4/2019 23:28,35,91
31,9/6/2019 4:32,10/7/2019 23:52,91,138
31,10/9/2019 16:31,11/8/2019 0:41,138,126
32,2/18/2019 16:52,2/27/2019 19:44,91,87
32,2/28/2019 22:27,3/16/2019 20:39,87,91
32,3/18/2019 9:50,4/13/2019 1:14,91,35
32,4/14/2019 7:19,5/1/2019 17:42,35,91
32,5/2/2019 18:59,5/26/2019 2:54,91,45
32,5/27/2019 20:50,6/25/2019 4:31,45,91
32,6/26/2019 23:49,7/24/2019 20:51,91,48
32,7/25/2019 20:50,8/24/2019 1:29,48,91
32,8/25/2019 5:50,9/13/2019 4:11,91,35
32,9/14/2019 5:09,12/7/2019 3:13,35,91
33,1/9/2019 22:58,1/22/2019 7:58,32,154
33,1/23/2019 10:12,2/7/2019 22:46,154,104
33,2/9/2019 1:59,2/24/2019 3:59,104,149
33,2/26/2019 19:59,3/16/2019 18:28,149,32
33,3/18/2019 9:46,4/7/2019 11:40,32,73
33,4/8/2019 13:01,5/23/2019 2:51,73,57
33,5/24/2019 7:31,7/9/2019 2:21,57,91
33,7/10/2019 8:46,8/4/2019 19:56,91,7
33,8/5/2019 18:59,8/31/2019 18:59,7,138
33,9/1/2019 20:47,9/21/2019 23:36,138,84
33,9/24/2019 3:40,10/13/2019 8:47,84,138
33,10/14/2019 17:50,10/21/2019 7:32,138,10
33,10/22/2019 4:31,12/4/2019 8:27,10,104
34,3/3/2019 7:47,3/30/2019 10:10,35,10
34,3/31/2019 13:26,5/29/2019 4:30,10,91
34,7/16/2019 10:30,7/25/2019 7:29,91,140
34,7/27/2019 8:49,8/4/2019 7:31,140,10
34,8/5/2019 11:52,8/22/2019 1:26,10,20
34,8/22/2019 20:41,9/8/2019 17:43,20,91
34,9/10/2019 4:49,10/8/2019 8:33,91,35
34,10/10/2019 6:01,10/30/2019 10:25,35,91
35,1/11/2019 16:47,2/12/2019 13:46,160,15
35,2/14/2019 1:51,3/7/2019 10:43,15,138
35,3/8/2019 16:47,6/22/2019 4:31,138,80
35,6/26/2019 4:31,7/25/2019 10:32,80,160
35,7/26/2019 18:59,8/22/2019 23:44,160,138
35,8/24/2019 1:32,9/4/2019 17:16,138,120
35,9/5/2019 17:38,9/19/2019 13:31,120,160
35,9/20/2019 16:31,10/31/2019 23:47,160,136
35,11/1/2019 20:46,11/17/2019 17:31,136,160
35,11/19/2019 11:30,12/20/2019 21:49,160,58
36,2/20/2019 16:50,2/28/2019 13:50,10,140
36,3/2/2019 13:57,3/10/2019 12:56,140,10
36,4/23/2019 13:28,5/28/2019 7:31,10,97
36,5/29/2019 8:54,7/11/2019 10:33,97,121
36,7/12/2019 13:33,7/21/2019 1:13,121,99
36,7/22/2019 4:30,7/31/2019 23:54,99,30
36,8/1/2019 23:55,8/26/2019 18:49,30,99
36,8/27/2019 23:56,11/1/2019 1:02,99,59
36,11/2/2019 2:19,11/29/2019 2:31,59,104
36,11/30/2019 5:30,12/25/2019 21:54,104,73
37,1/15/2019 16:44,2/27/2019 1:59,55,121
37,2/28/2019 4:59,3/31/2019 15:57,121,10
37,4/1/2019 19:20,4/13/2019 1:15,10,20
37,4/13/2019 22:22,4/28/2019 5:48,20,91
37,4/29/2019 10:30,5/27/2019 4:29,91,126
37,5/28/2019 23:41,8/7/2019 4:31,126,57
37,8/10/2019 1:31,8/22/2019 13:29,57,140
37,8/24/2019 5:56,9/8/2019 9:06,140,138
37,9/9/2019 14:46,10/6/2019 3:21,138,126
37,10/7/2019 20:50,11/3/2019 14:30,126,160
37,11/4/2019 15:58,11/19/2019 15:55,160,36
37,11/20/2019 14:31,12/8/2019 9:47,36,165
38,2/4/2019 10:51,2/21/2019 4:05,140,138
38,2/23/2019 22:33,3/20/2019 14:33,138,140
38,3/22/2019 12:49,5/10/2019 1:31,140,100
38,5/11/2019 4:27,5/20/2019 20:49,100,22
38,5/21/2019 18:58,6/11/2019 17:52,22,100
38,6/13/2019 1:31,6/21/2019 22:29,100,51
38,6/23/2019 1:30,8/11/2019 4:15,51,37
38,8/12/2019 4:30,8/26/2019 14:26,37,23
38,8/27/2019 23:40,11/17/2019 2:31,23,100
38,11/20/2019 11:32,12/3/2019 21:46,100,22
38,12/5/2019 2:30,12/17/2019 18:55,22,100
38,12/19/2019 0:55,12/24/2019 20:57,100,7
39,1/3/2019 16:54,2/22/2019 19:33,57,91
39,2/24/2019 12:42,4/6/2019 1:22,91,104
39,4/7/2019 4:15,4/20/2019 1:30,104,65
39,4/21/2019 1:32,5/4/2019 1:32,65,104
39,5/5/2019 4:32,5/18/2019 5:56,104,13
39,5/19/2019 23:48,6/1/2019 4:31,13,99
39,6/2/2019 5:43,6/12/2019 7:12,99,40
39,6/13/2019 1:32,7/15/2019 23:54,40,160
39,7/17/2019 18:59,8/8/2019 2:48,160,15
39,8/9/2019 11:43,8/26/2019 16:25,15,91
39,8/28/2019 1:31,9/23/2019 2:57,91,29
39,9/24/2019 4:18,10/30/2019 4:30,29,138
39,10/31/2019 17:58,11/18/2019 21:48,138,33
39,11/20/2019 1:00,12/8/2019 11:30,33,160
40,2/14/2019 4:56,2/27/2019 10:58,20,10
40,2/28/2019 16:39,3/11/2019 6:47,10,20
40,3/12/2019 8:21,3/21/2019 9:32,20,37
40,3/22/2019 9:20,4/19/2019 2:15,37,32
40,4/20/2019 3:54,5/11/2019 21:48,32,99
40,5/13/2019 1:02,5/27/2019 23:48,99,18
40,5/29/2019 1:31,6/11/2019 4:55,18,73
40,6/12/2019 2:51,6/30/2019 18:59,73,11
40,7/1/2019 20:43,7/10/2019 23:31,11,99
40,7/12/2019 4:32,7/23/2019 23:51,99,139
40,7/24/2019 23:54,8/16/2019 5:55,139,10
40,8/17/2019 13:30,9/14/2019 17:37,10,45
40,9/16/2019 17:48,10/17/2019 23:54,45,138
40,10/19/2019 14:57,11/22/2019 0:55,138,58
40,11/22/2019 21:59,12/5/2019 3:54,58,99
41,2/11/2019 22:59,4/2/2019 10:19,34,104
41,4/4/2019 0:02,4/15/2019 22:19,104,13
41,4/17/2019 4:13,5/1/2019 8:43,13,104
41,5/2/2019 6:58,5/27/2019 18:53,104,32
41,5/28/2019 20:53,6/9/2019 18:58,32,121
41,6/10/2019 20:52,6/22/2019 3:21,121,32
41,6/23/2019 4:15,7/23/2019 2:52,32,57
41,7/24/2019 4:32,9/7/2019 20:47,57,104
41,9/8/2019 23:56,9/19/2019 2:46,104,154
41,9/20/2019 2:51,10/2/2019 1:30,154,104
41,10/3/2019 2:57,10/17/2019 23:46,104,149
41,10/19/2019 20:51,11/15/2019 8:30,149,10
41,11/16/2019 12:49,12/11/2019 6:53,10,35
42,1/27/2019 23:52,2/25/2019 7:58,7,80
42,2/26/2019 7:59,3/20/2019 10:55,80,10
42,3/21/2019 15:56,4/5/2019 9:00,10,140
42,4/7/2019 10:23,4/23/2019 18:04,140,10
42,4/24/2019 18:59,4/26/2019 7:30,10,19
42,4/27/2019 1:32,4/29/2019 10:29,19,10
42,4/30/2019 8:44,5/2/2019 6:17,10,19
42,5/3/2019 10:30,5/5/2019 7:14,19,10
42,5/6/2019 8:48,5/13/2019 5:52,10,19
42,5/16/2019 5:52,5/18/2019 8:43,19,10
42,5/19/2019 10:31,5/26/2019 7:30,10,19
42,5/27/2019 2:57,5/31/2019 10:50,19,10
42,6/1/2019 8:27,6/20/2019 10:24,10,31
42,6/21/2019 17:44,7/7/2019 5:57,31,10
42,7/8/2019 4:31,7/23/2019 16:30,10,31
42,7/24/2019 23:54,8/6/2019 7:03,31,10
42,8/7/2019 10:31,8/10/2019 7:28,10,19
42,8/12/2019 17:50,8/20/2019 5:40,19,10
42,8/21/2019 7:30,9/1/2019 2:43,10,20
42,9/1/2019 23:48,9/14/2019 5:46,20,46
42,9/26/2019 1:30,10/7/2019 15:27,46,10
43,3/26/2019 6:06,4/29/2019 7:30,51,97
43,7/5/2019 9:45,8/6/2019 20:48,97,51
43,8/7/2019 20:53,9/18/2019 7:31,51,97
43,9/19/2019 8:57,10/31/2019 14:53,97,23
43,11/1/2019 23:48,11/25/2019 7:45,23,10
44,1/17/2019 10:33,2/25/2019 22:51,72,104
44,2/28/2019 13:59,3/11/2019 3:47,104,13
44,3/12/2019 6:43,3/28/2019 6:57,13,104
44,3/29/2019 9:54,4/10/2019 22:19,104,13
44,4/12/2019 4:16,4/26/2019 1:56,13,99
44,4/27/2019 7:31,5/7/2019 2:57,99,58
44,5/8/2019 2:57,5/17/2019 10:30,58,73
44,5/18/2019 10:29,6/6/2019 20:13,73,7
44,6/7/2019 18:59,6/22/2019 1:30,7,104
44,6/23/2019 10:31,7/7/2019 4:11,104,13
44,7/9/2019 4:30,8/6/2019 20:51,13,138
44,8/7/2019 20:53,10/9/2019 16:45,138,91
44,10/11/2019 1:32,11/8/2019 21:55,91,30
44,11/10/2019 0:58,11/23/2019 5:31,30,73
44,11/24/2019 6:58,12/9/2019 2:31,73,154
45,1/25/2019 1:50,2/6/2019 11:28,58,32
45,2/7/2019 7:57,2/21/2019 4:40,32,70
45,2/22/2019 4:59,3/21/2019 15:47,70,138
45,3/22/2019 12:46,4/23/2019 7:10,138,23
45,4/24/2019 4:16,5/29/2019 10:31,23,138
45,8/21/2019 18:59,9/23/2019 20:52,138,45
45,9/25/2019 16:31,10/20/2019 23:49,45,91
45,10/22/2019 4:31,11/16/2019 0:45,91,154
45,11/17/2019 0:52,11/30/2019 15:52,154,104
45,12/1/2019 21:47,12/14/2019 2:28,104,13
46,1/12/2019 4:44,1/21/2019 4:25,156,30
46,1/22/2019 7:02,2/16/2019 1:58,30,92
46,2/17/2019 1:59,2/25/2019 1:07,92,30
46,2/26/2019 1:47,3/8/2019 22:45,30,156
46,6/15/2019 2:51,6/24/2019 1:23,156,139
46,6/25/2019 1:26,7/7/2019 23:50,139,121
46,7/8/2019 20:49,8/1/2019 20:45,121,91
46,8/3/2019 4:30,8/22/2019 9:09,91,83
46,8/23/2019 14:50,9/6/2019 10:30,83,165
46,9/12/2019 8:46,10/8/2019 1:30,165,87
46,10/9/2019 14:58,10/19/2019 9:49,87,91
47,1/1/2019 16:38,1/16/2019 7:58,10,15
47,1/17/2019 19:50,2/24/2019 22:56,15,138
47,2/25/2019 19:45,3/14/2019 21:49,138,136
47,3/16/2019 0:50,3/25/2019 9:12,136,46
47,4/13/2019 18:59,5/18/2019 16:30,46,138
47,5/20/2019 5:44,6/4/2019 14:49,138,102
47,6/5/2019 13:34,6/14/2019 8:14,102,37
47,6/14/2019 23:47,6/24/2019 4:31,37,126
47,6/26/2019 2:54,7/27/2019 16:22,126,138
47,7/28/2019 20:51,8/10/2019 7:57,138,120
47,8/11/2019 9:59,8/25/2019 7:30,120,138
47,8/26/2019 10:32,10/24/2019 23:49,138,11
47,10/26/2019 1:30,11/29/2019 5:31,11,10
47,11/30/2019 8:30,12/5/2019 6:44,10,19
47,12/7/2019 21:48,12/15/2019 17:30,19,160
48,6/5/2019 8:56,6/14/2019 23:48,99,65
48,6/16/2019 7:30,6/28/2019 20:48,65,104
48,6/29/2019 23:47,7/11/2019 1:27,104,13
48,7/13/2019 2:56,7/25/2019 16:31,13,104
48,7/26/2019 17:55,8/7/2019 1:16,104,13
48,8/8/2019 1:25,8/21/2019 5:51,13,99
48,8/22/2019 7:31,9/13/2019 4:57,99,104
48,9/14/2019 5:01,10/22/2019 1:08,104,91
48,10/23/2019 5:43,11/13/2019 0:34,91,35
49,3/7/2019 22:57,4/8/2019 2:42,138,126
49,4/9/2019 22:14,6/7/2019 16:31,126,160
49,6/8/2019 18:59,6/21/2019 23:50,160,36
49,6/23/2019 1:31,7/9/2019 10:31,36,160
49,7/10/2019 18:59,7/24/2019 1:29,160,144
49,7/25/2019 7:32,8/14/2019 11:40,144,160
49,8/15/2019 11:50,8/31/2019 8:50,160,144
49,9/1/2019 13:32,9/17/2019 14:54,144,160
49,9/19/2019 8:57,10/1/2019 23:49,160,36
49,10/2/2019 23:54,10/16/2019 18:59,36,175
49,10/17/2019 23:54,11/5/2019 3:39,175,27
49,11/6/2019 9:53,11/19/2019 15:54,27,138
50,2/20/2019 22:59,4/11/2019 19:12,34,92
50,4/14/2019 18:02,4/19/2019 18:51,92,121
50,4/21/2019 1:25,4/30/2019 22:13,121,32
50,5/1/2019 23:49,5/23/2019 16:30,32,104
50,5/24/2019 23:55,6/3/2019 23:21,104,13
50,6/6/2019 1:18,6/19/2019 1:30,13,104
50,6/20/2019 2:54,7/10/2019 23:04,104,32
50,7/11/2019 18:42,8/13/2019 5:44,32,91
50,8/14/2019 11:30,8/29/2019 10:30,91,140
50,8/31/2019 4:31,9/18/2019 20:56,140,138
50,9/21/2019 17:57,11/1/2019 23:35,138,35
50,11/3/2019 5:56,11/13/2019 0:53,35,37
51,1/16/2019 21:54,2/13/2019 7:55,97,51
51,4/18/2019 20:43,5/22/2019 13:30,51,97
51,5/23/2019 13:32,6/19/2019 20:45,97,143
51,6/20/2019 20:48,7/15/2019 10:32,143,100
51,7/16/2019 17:50,7/28/2019 23:56,100,72
51,7/30/2019 2:54,10/21/2019 4:26,72,57
51,10/23/2019 16:25,11/24/2019 20:36,57,149
52,1/12/2019 10:58,2/2/2019 10:45,57,23
52,2/3/2019 4:45,3/26/2019 1:10,23,7
52,3/27/2019 0:44,4/14/2019 22:15,7,104
52,4/16/2019 1:23,4/30/2019 4:09,104,13
52,5/1/2019 23:48,5/13/2019 18:58,13,104
52,5/14/2019 20:54,5/27/2019 1:29,104,13
52,5/29/2019 2:49,6/6/2019 11:41,13,32
52,8/3/2019 23:53,8/17/2019 17:42,32,30
52,8/18/2019 23:55,8/29/2019 1:32,30,104
52,8/30/2019 2:50,9/24/2019 1:20,104,13
52,9/25/2019 20:58,10/6/2019 13:30,13,32
52,10/7/2019 13:32,10/14/2019 18:58,32,121
52,10/15/2019 20:49,11/7/2019 5:27,121,57
52,11/8/2019 8:30,12/12/2019 21:40,57,149
53,2/5/2019 16:42,2/18/2019 4:55,104,13
53,2/19/2019 7:59,3/5/2019 7:45,13,104
53,3/6/2019 10:53,3/22/2019 6:55,104,13
53,3/24/2019 6:59,4/9/2019 1:17,13,104
53,4/10/2019 6:26,4/24/2019 1:13,104,13
53,4/26/2019 2:49,5/6/2019 22:24,13,32
53,5/24/2019 2:49,6/16/2019 1:30,32,104
53,6/17/2019 2:48,6/29/2019 23:40,104,149
53,7/2/2019 20:50,7/12/2019 14:53,149,32
53,7/13/2019 14:54,7/25/2019 20:00,32,7
53,7/26/2019 18:59,8/24/2019 7:12,7,10
53,8/25/2019 8:48,9/7/2019 8:24,10,83
53,9/8/2019 11:26,9/11/2019 7:30,83,138
53,9/12/2019 13:31,10/18/2019 8:39,138,35
53,10/19/2019 20:51,11/23/2019 12:57,35,165
53,11/24/2019 18:57,12/10/2019 17:30,165,33
54,1/7/2019 13:59,2/1/2019 4:41,92,104
54,3/27/2019 9:45,4/29/2019 2:41,104,92
54,4/30/2019 20:04,5/7/2019 23:50,92,34
54,5/9/2019 1:30,5/30/2019 4:26,34,73
54,5/31/2019 5:40,6/14/2019 20:44,73,22
54,6/16/2019 1:16,7/27/2019 20:37,22,92
54,7/29/2019 11:45,8/10/2019 2:46,92,29
54,8/11/2019 7:17,8/16/2019 2:54,29,54
54,8/16/2019 23:53,9/25/2019 14:44,54,92
54,10/24/2019 17:09,11/7/2019 2:45,92,29
55,1/18/2019 7:57,1/30/2019 12:47,33,10
55,2/21/2019 16:53,3/31/2019 7:17,10,97
55,4/1/2019 16:01,4/11/2019 4:21,97,136
55,4/12/2019 10:25,4/27/2019 7:30,136,97
55,4/28/2019 7:26,5/18/2019 8:42,97,140
55,5/19/2019 11:51,5/24/2019 17:23,140,31
55,5/26/2019 5:44,6/10/2019 4:28,31,138
55,6/11/2019 5:50,8/12/2019 11:43,138,160
55,8/13/2019 16:33,8/25/2019 8:47,160,120
55,8/26/2019 8:48,9/6/2019 13:13,120,160
55,9/7/2019 17:44,9/18/2019 7:00,160,19
55,9/19/2019 23:47,9/24/2019 8:54,19,10
55,9/25/2019 10:32,10/7/2019 8:41,10,19
55,10/8/2019 14:57,10/23/2019 13:29,19,160
55,10/24/2019 13:32,11/27/2019 0:47,160,30
56,1/1/2019 4:59,1/16/2019 18:45,91,83
56,1/17/2019 19:57,2/19/2019 19:38,83,136
56,2/20/2019 22:57,3/7/2019 13:57,136,10
56,3/8/2019 16:57,3/22/2019 6:45,10,20
56,3/23/2019 6:47,4/2/2019 7:21,20,10
56,4/3/2019 19:25,4/16/2019 1:00,10,20
56,4/17/2019 1:11,4/27/2019 7:30,20,10
56,4/28/2019 10:27,5/10/2019 23:24,10,20
56,5/11/2019 18:59,6/1/2019 11:45,20,10
56,6/2/2019 8:47,6/18/2019 1:27,10,31
56,6/19/2019 23:49,7/2/2019 20:50,31,10
56,7/3/2019 18:57,7/19/2019 8:53,10,31
56,7/20/2019 23:50,8/1/2019 11:53,31,10
56,8/2/2019 13:30,8/8/2019 17:50,10,93
56,8/9/2019 18:59,9/1/2019 7:27,93,10
56,9/2/2019 7:30,9/14/2019 16:30,10,56
56,9/16/2019 5:15,9/20/2019 1:28,56,36
56,9/20/2019 23:49,10/2/2019 11:51,36,10
56,10/3/2019 11:54,10/18/2019 1:29,10,24
56,10/19/2019 10:30,11/1/2019 10:26,24,10
56,11/20/2019 6:46,12/4/2019 21:44,10,136
57,2/3/2019 1:59,4/18/2019 7:24,34,97
57,4/22/2019 10:19,5/28/2019 23:40,97,30
57,5/30/2019 5:56,6/15/2019 1:01,30,59
57,6/16/2019 3:50,7/13/2019 16:31,59,156
57,7/15/2019 1:32,7/25/2019 20:50,156,30
57,7/26/2019 23:53,8/10/2019 20:51,30,99
57,8/12/2019 2:53,9/4/2019 20:52,99,22
57,9/6/2019 4:31,9/18/2019 5:19,22,32
57,9/19/2019 8:56,10/20/2019 0:41,32,59
57,10/21/2019 11:54,11/6/2019 0:58,59,35
57,11/7/2019 9:07,11/12/2019 17:56,35,23
57,11/14/2019 3:44,12/13/2019 0:48,23,138
58,3/12/2019 0:50,4/5/2019 12:00,138,102
58,4/6/2019 13:24,4/21/2019 22:17,102,138
58,4/22/2019 18:59,5/5/2019 4:32,138,102
58,5/6/2019 4:30,5/27/2019 20:49,102,10
58,5/28/2019 18:59,6/9/2019 1:30,10,31
58,6/10/2019 6:34,6/28/2019 10:29,31,160
58,6/29/2019 11:55,7/14/2019 7:29,160,140
58,7/17/2019 4:30,7/29/2019 10:29,140,160
58,7/30/2019 11:52,8/16/2019 20:43,160,136
58,8/18/2019 2:55,9/2/2019 10:29,136,160
58,9/3/2019 14:57,11/15/2019 17:31,160,138
58,11/17/2019 0:51,11/30/2019 21:49,138,136
59,3/1/2019 1:50,4/6/2019 13:22,51,97
59,4/7/2019 13:26,5/6/2019 1:30,97,51
59,5/6/2019 20:48,6/9/2019 13:30,51,160
59,6/10/2019 14:44,6/30/2019 1:29,160,31
59,7/1/2019 18:57,7/19/2019 7:30,31,97
59,7/20/2019 8:56,8/9/2019 7:31,97,140
59,8/10/2019 7:31,8/19/2019 17:54,140,31
59,8/20/2019 23:55,9/15/2019 10:31,31,160
60,2/2/2019 13:59,2/21/2019 20:37,57,126
60,2/23/2019 4:53,5/22/2019 14:49,126,10
60,5/27/2019 17:47,7/22/2019 5:39,10,104
60,7/23/2019 8:51,8/6/2019 20:51,104,65
60,8/7/2019 23:57,8/22/2019 17:54,65,104
60,8/23/2019 20:43,9/10/2019 6:24,104,18
60,9/10/2019 22:49,10/12/2019 0:45,18,55
60,10/13/2019 5:43,11/15/2019 21:56,55,34
61,1/15/2019 1:58,2/3/2019 4:59,104,13
61,2/4/2019 1:47,3/4/2019 2:36,13,91
61,3/4/2019 13:45,3/27/2019 15:49,91,83
61,3/28/2019 21:46,4/3/2019 22:12,83,138
61,4/4/2019 22:16,5/5/2019 4:30,138,84
61,5/6/2019 16:33,5/28/2019 20:53,84,10
61,5/29/2019 23:47,7/12/2019 1:13,10,149
61,7/13/2019 20:53,8/25/2019 18:57,149,104
61,8/26/2019 23:55,9/13/2019 4:55,104,13
61,9/14/2019 5:00,11/11/2019 17:31,13,138
62,1/18/2019 1:59,1/27/2019 7:59,80,154
62,1/28/2019 7:59,3/3/2019 21:34,154,156
62,3/5/2019 19:37,3/15/2019 3:42,156,7
62,3/16/2019 0:49,5/1/2019 10:31,7,160
62,5/1/2019 17:56,5/2/2019 14:56,160,138
62,5/4/2019 7:31,5/29/2019 23:46,138,34
62,5/30/2019 23:56,7/9/2019 2:31,34,159
62,7/10/2019 4:37,7/18/2019 1:30,159,136
62,7/18/2019 17:48,7/26/2019 1:29,136,159
62,7/26/2019 23:50,8/5/2019 17:48,159,136
62,8/6/2019 20:51,9/6/2019 6:49,136,159
62,9/7/2019 17:42,9/15/2019 20:50,159,33
62,9/16/2019 23:57,9/26/2019 14:02,33,159
62,9/27/2019 12:03,10/5/2019 7:48,159,153
62,10/6/2019 5:44,10/16/2019 2:54,153,159
62,10/17/2019 2:52,10/28/2019 18:59,159,33
62,10/29/2019 20:48,11/6/2019 14:36,33,159
62,11/7/2019 15:46,11/15/2019 11:31,159,102
62,11/16/2019 11:30,11/18/2019 5:29,102,153
63,1/20/2019 7:53,2/22/2019 21:19,104,156
63,2/24/2019 1:10,5/7/2019 5:42,156,97
63,5/9/2019 7:32,5/16/2019 23:42,97,20
63,5/17/2019 23:54,6/3/2019 8:49,20,138
63,6/4/2019 14:51,6/16/2019 9:10,138,120
63,6/17/2019 9:57,6/30/2019 23:43,120,138
63,7/2/2019 1:32,7/14/2019 1:32,138,170
63,7/15/2019 1:32,8/3/2019 8:47,170,160
63,8/4/2019 10:32,9/3/2019 23:55,160,11
63,9/4/2019 23:57,10/6/2019 10:32,11,160
63,10/7/2019 13:31,10/20/2019 13:30,160,16
63,10/21/2019 13:31,11/2/2019 13:31,16,97
63,11/3/2019 18:59,11/16/2019 17:31,97,16
63,11/17/2019 17:31,11/27/2019 8:31,16,97
63,11/28/2019 8:27,12/10/2019 12:47,97,15
64,5/24/2019 20:25,7/22/2019 23:40,108,32
64,7/24/2019 1:15,8/25/2019 17:43,32,100
64,8/26/2019 20:51,9/4/2019 20:54,100,30
64,9/5/2019 23:48,10/10/2019 11:53,30,175
64,10/11/2019 18:59,11/10/2019 21:54,175,30
64,11/12/2019 0:59,12/25/2019 21:51,30,70
65,2/9/2019 16:52,3/7/2019 1:45,138,11
65,3/8/2019 4:57,5/12/2019 16:30,11,156
65,5/14/2019 4:31,5/24/2019 20:49,156,22
65,5/25/2019 20:45,6/18/2019 13:30,22,104
65,6/19/2019 18:59,7/31/2019 2:55,104,138
65,8/1/2019 4:31,8/15/2019 0:59,138,20
65,8/16/2019 2:54,8/28/2019 10:29,20,160
65,8/29/2019 13:09,9/15/2019 4:57,160,144
65,9/16/2019 5:16,9/17/2019 11:53,144,95
65,9/18/2019 8:55,10/7/2019 7:30,95,138
65,10/8/2019 18:59,12/1/2019 15:56,138,160
66,7/29/2019 23:51,9/7/2019 9:07,65,32
66,9/8/2019 9:05,10/8/2019 7:31,32,104
66,10/9/2019 8:50,10/19/2019 23:55,104,65
66,10/20/2019 23:56,10/30/2019 5:39,65,32
66,10/31/2019 4:30,11/18/2019 2:30,32,58
67,1/11/2019 3:15,2/3/2019 4:56,121,70
67,2/4/2019 4:59,2/21/2019 15:34,70,32
67,2/22/2019 16:56,3/20/2019 15:45,32,104
67,3/22/2019 23:56,4/3/2019 23:26,104,13
67,4/6/2019 1:21,4/20/2019 1:21,13,104
67,4/21/2019 7:31,5/3/2019 23:43,104,13
67,5/6/2019 1:18,5/16/2019 11:45,13,32
67,5/17/2019 11:47,6/9/2019 2:28,32,99
67,6/10/2019 1:30,6/24/2019 1:25,99,40
67,6/25/2019 1:20,7/7/2019 0:31,40,99
67,7/8/2019 1:32,7/15/2019 2:44,99,154
67,7/16/2019 5:50,7/24/2019 11:33,154,32
67,9/23/2019 4:24,10/20/2019 16:31,32,104
67,10/21/2019 20:57,11/21/2019 15:57,104,32
67,11/22/2019 17:31,12/6/2019 21:44,32,70
68,1/8/2019 13:58,1/21/2019 4:58,104,168
68,1/22/2019 7:54,2/8/2019 19:47,168,104
68,2/10/2019 1:54,2/27/2019 16:57,104,149
68,3/1/2019 1:59,3/14/2019 12:52,149,104
68,3/15/2019 15:56,4/2/2019 21:48,104,54
68,4/3/2019 22:21,4/19/2019 13:18,54,104
68,4/20/2019 16:30,5/10/2019 1:26,104,168
68,5/11/2019 7:14,5/25/2019 16:27,168,104
68,5/26/2019 20:49,6/16/2019 20:56,104,54
68,6/17/2019 20:43,7/11/2019 8:45,54,104
68,7/12/2019 11:51,7/24/2019 20:49,104,54
68,7/25/2019 20:50,8/7/2019 17:47,54,104
68,8/8/2019 17:50,8/22/2019 1:23,104,54
68,8/22/2019 20:57,9/5/2019 4:31,54,104
68,9/6/2019 8:56,9/22/2019 23:51,104,54
68,9/23/2019 23:30,10/16/2019 13:30,54,104
68,10/17/2019 17:59,10/29/2019 20:48,104,54
68,10/30/2019 20:55,11/2/2019 2:53,54,90
68,11/3/2019 5:05,11/8/2019 20:18,90,34
68,11/10/2019 0:58,11/25/2019 8:30,34,104
69,1/6/2019 4:59,1/20/2019 4:59,14,104
69,1/21/2019 7:59,1/31/2019 7:46,104,14
69,2/1/2019 7:59,2/13/2019 1:49,14,104
69,3/11/2019 20:50,3/24/2019 9:57,104,14
69,3/26/2019 3:59,4/10/2019 6:24,14,104
69,5/7/2019 13:31,5/17/2019 5:49,104,14
69,5/18/2019 4:29,5/28/2019 20:49,14,104
69,5/29/2019 23:47,6/9/2019 1:18,104,14
69,6/10/2019 1:02,6/21/2019 14:52,14,104
69,8/11/2019 1:32,8/22/2019 20:53,104,14
69,8/23/2019 23:48,9/6/2019 18:57,14,104
69,9/7/2019 20:49,9/17/2019 20:54,104,14
69,9/18/2019 20:56,9/30/2019 1:31,14,104
69,10/1/2019 4:31,10/11/2019 23:41,104,14
69,10/12/2019 23:27,10/23/2019 20:57,14,104
69,10/24/2019 23:49,11/4/2019 9:51,104,14
69,11/4/2019 21:53,11/18/2019 17:31,14,104
70,2/8/2019 10:46,2/19/2019 4:55,104,14
70,2/20/2019 4:59,3/4/2019 4:56,14,104
70,7/1/2019 14:50,7/11/2019 20:46,104,14
70,7/13/2019 1:19,7/22/2019 16:30,14,104
70,7/23/2019 17:43,8/3/2019 20:41,104,14
70,8/4/2019 20:48,8/16/2019 1:30,14,104
70,9/14/2019 4:59,9/25/2019 2:38,104,14
70,9/26/2019 1:24,10/8/2019 10:29,14,104
70,11/3/2019 18:59,11/14/2019 0:38,104,14
70,11/15/2019 0:37,11/26/2019 12:48,14,104
71,2/19/2019 1:59,6/8/2019 16:29,34,104
71,6/11/2019 4:32,6/25/2019 1:25,104,13
71,6/26/2019 2:54,7/8/2019 2:54,13,32
71,7/9/2019 4:31,7/18/2019 17:46,32,58
71,7/19/2019 23:40,7/31/2019 23:53,58,104
71,8/1/2019 23:55,8/20/2019 1:24,104,13
71,8/22/2019 4:22,9/1/2019 14:53,13,104
71,9/2/2019 17:45,9/23/2019 22:47,104,75
71,9/25/2019 5:45,10/5/2019 7:56,75,32
71,10/6/2019 8:48,10/21/2019 23:42,32,70
71,10/23/2019 1:31,11/3/2019 5:31,70,104
71,11/4/2019 8:53,11/21/2019 21:51,104,70
71,11/22/2019 21:51,12/13/2019 0:47,70,104
72,1/8/2019 7:56,1/18/2019 4:47,104,14
72,1/19/2019 4:36,2/4/2019 7:42,14,104
72,2/5/2019 7:52,2/16/2019 1:51,104,14
72,2/17/2019 1:59,3/1/2019 1:47,14,104
72,3/2/2019 4:55,3/12/2019 3:50,104,14
72,3/13/2019 3:58,3/22/2019 23:53,14,104
72,5/17/2019 1:33,5/27/2019 23:54,104,14
72,5/29/2019 0:48,6/7/2019 16:32,14,104
72,8/2/2019 14:53,8/14/2019 5:51,104,14
72,8/15/2019 5:42,8/24/2019 18:58,14,104
72,8/25/2019 23:53,9/5/2019 5:50,104,14
72,9/6/2019 3:44,9/19/2019 2:48,14,104
72,9/20/2019 5:55,9/30/2019 1:45,104,14
72,10/1/2019 20:45,10/13/2019 23:52,14,104
72,10/15/2019 4:30,10/25/2019 23:52,104,14
72,10/26/2019 23:33,11/8/2019 9:57,14,104
72,12/6/2019 9:46,12/17/2019 3:45,104,14
73,2/25/2019 4:56,3/10/2019 6:56,139,100
73,3/11/2019 12:57,4/1/2019 17:10,100,156
73,4/3/2019 0:00,4/14/2019 1:16,156,14
73,4/15/2019 1:16,5/3/2019 16:18,14,156
73,5/5/2019 1:31,5/15/2019 7:31,156,7
73,5/15/2019 18:59,8/10/2019 20:04,7,92
73,8/12/2019 7:40,9/5/2019 20:54,92,100
73,9/7/2019 7:30,10/5/2019 8:05,100,104
73,10/5/2019 20:53,11/11/2019 2:30,104,138
73,11/12/2019 17:30,11/26/2019 2:30,138,27
73,11/27/2019 5:31,12/16/2019 2:29,27,138
74,1/17/2019 19:46,2/15/2019 13:09,138,55
74,2/16/2019 16:37,4/5/2019 18:02,55,32
74,5/31/2019 17:57,8/4/2019 1:11,32,104
74,8/5/2019 4:31,8/16/2019 23:51,104,13
74,8/19/2019 1:19,9/2/2019 8:39,13,32
74,9/3/2019 10:23,9/13/2019 20:48,32,22
74,9/14/2019 20:51,9/28/2019 11:50,22,104
74,9/29/2019 10:31,10/19/2019 2:40,104,13
74,10/23/2019 1:31,11/18/2019 20:19,13,55
74,11/19/2019 21:49,12/16/2019 2:28,55,40
75,6/18/2019 2:51,11/5/2019 21:57,72,104
75,11/7/2019 14:32,11/20/2019 21:08,104,149
75,11/22/2019 0:57,12/6/2019 18:55,149,104
75,12/7/2019 21:48,12/18/2019 20:55,104,149
76,1/11/2019 7:59,1/26/2019 10:54,13,104
76,1/27/2019 13:56,2/20/2019 2:04,104,73
76,2/21/2019 7:39,3/12/2019 6:58,73,92
76,3/13/2019 9:33,3/18/2019 7:55,92,7
76,3/19/2019 0:50,3/28/2019 7:40,7,32
76,3/29/2019 9:39,4/23/2019 1:31,32,104
76,5/17/2019 23:54,5/29/2019 23:46,104,149
76,5/31/2019 20:57,6/19/2019 20:43,149,139
76,6/21/2019 2:55,7/6/2019 0:15,139,59
76,7/7/2019 1:32,7/21/2019 18:59,59,139
76,7/23/2019 1:32,8/7/2019 0:11,139,59
76,8/8/2019 1:32,8/25/2019 20:46,59,139
76,8/27/2019 1:32,11/22/2019 3:57,139,100
76,11/25/2019 8:30,12/6/2019 21:40,100,139
77,1/2/2019 16:56,1/12/2019 7:47,104,14
77,1/14/2019 4:59,1/25/2019 21:48,14,104
77,2/25/2019 16:45,3/7/2019 7:45,104,14
77,3/8/2019 7:59,3/19/2019 17:41,14,104
77,3/20/2019 18:48,3/30/2019 20:40,104,14
77,3/31/2019 22:22,4/13/2019 22:21,14,104
77,4/14/2019 22:16,4/26/2019 22:17,104,14
77,4/28/2019 1:11,5/9/2019 16:31,14,104
77,5/10/2019 18:57,5/20/2019 20:46,104,14
77,5/21/2019 20:53,6/4/2019 2:52,14,104
77,6/5/2019 5:51,6/15/2019 4:21,104,14
77,6/16/2019 4:29,6/27/2019 20:51,14,104
77,8/22/2019 17:54,9/1/2019 20:46,104,14
77,9/2/2019 20:00,9/16/2019 5:17,14,104
77,11/7/2019 2:31,11/18/2019 21:49,104,14
77,11/19/2019 21:50,12/1/2019 15:55,14,104
77,12/2/2019 18:45,12/13/2019 0:45,104,14
78,1/20/2019 1:59,2/1/2019 16:59,149,104
78,2/2/2019 16:58,3/13/2019 13:09,104,55
78,5/25/2019 8:02,6/21/2019 22:55,55,154
78,6/23/2019 1:30,7/17/2019 11:47,154,104
78,7/19/2019 1:31,7/30/2019 23:52,104,13
78,8/1/2019 2:42,8/12/2019 23:52,13,104
78,8/14/2019 2:49,9/16/2019 10:04,104,32
78,9/17/2019 11:54,10/15/2019 20:17,32,73
78,10/16/2019 18:59,10/27/2019 1:29,73,58
79,1/3/2019 7:57,1/15/2019 4:43,104,13
79,1/16/2019 7:59,1/27/2019 22:40,13,104
79,3/3/2019 7:57,3/16/2019 15:54,104,13
79,3/18/2019 6:32,3/30/2019 21:20,13,32
79,3/31/2019 22:22,4/28/2019 23:44,32,99
79,4/30/2019 2:52,5/11/2019 1:15,99,51
79,5/12/2019 1:31,5/30/2019 20:35,51,104
79,5/31/2019 23:44,6/11/2019 1:25,104,13
79,6/13/2019 4:11,6/25/2019 6:33,13,104
79,6/26/2019 11:51,7/16/2019 4:25,104,99
79,7/17/2019 5:55,8/4/2019 21:58,99,149
79,8/6/2019 20:51,8/19/2019 13:31,149,104
79,8/20/2019 23:55,9/8/2019 2:54,104,13
79,9/10/2019 6:24,12/5/2019 21:38,13,58
81,1/5/2019 19:59,1/14/2019 12:59,10,93
81,1/15/2019 18:11,1/27/2019 13:53,93,138
81,1/29/2019 1:45,2/4/2019 16:57,138,83
81,2/5/2019 22:50,2/13/2019 1:55,83,138
81,2/14/2019 1:58,3/26/2019 14:00,138,32
81,4/15/2019 3:59,5/4/2019 11:49,32,104
81,5/5/2019 16:32,5/20/2019 1:27,104,149
81,5/21/2019 20:53,6/6/2019 13:31,149,104
81,6/7/2019 18:59,6/19/2019 23:46,104,149
81,6/21/2019 20:48,7/5/2019 9:55,149,104
81,7/6/2019 10:32,7/18/2019 1:28,104,149
81,7/19/2019 20:54,8/28/2019 1:31,149,58
81,8/29/2019 1:33,9/14/2019 20:50,58,32
81,9/16/2019 5:17,10/11/2019 11:57,32,104
81,10/12/2019 17:53,10/24/2019 23:38,104,149
81,10/26/2019 20:48,11/21/2019 15:58,149,10
82,2/14/2019 7:55,2/25/2019 7:51,99,70
82,2/26/2019 22:59,3/29/2019 12:52,70,138
82,3/30/2019 19:16,4/12/2019 7:16,138,122
82,4/13/2019 7:23,5/3/2019 20:44,122,138
82,5/5/2019 7:31,5/28/2019 23:41,138,84
82,5/31/2019 2:41,6/5/2019 0:37,84,37
82,6/6/2019 1:29,7/3/2019 18:47,37,138
82,7/4/2019 14:51,8/25/2019 11:10,138,99
82,8/26/2019 14:57,9/3/2019 23:25,99,154
82,9/5/2019 1:27,9/22/2019 7:31,154,104
82,9/23/2019 11:54,10/11/2019 23:45,104,154
82,10/12/2019 23:51,10/23/2019 23:45,154,99
82,10/25/2019 4:30,11/5/2019 22:33,99,40
82,11/6/2019 20:01,12/2/2019 21:49,40,138
83,1/6/2019 4:57,1/16/2019 1:48,51,100
83,1/18/2019 1:48,1/29/2019 1:43,100,51
83,1/30/2019 4:56,2/28/2019 4:51,51,65
83,3/1/2019 9:57,3/14/2019 23:50,65,156
83,3/16/2019 15:02,3/29/2019 22:24,156,51
83,3/31/2019 1:24,4/16/2019 22:22,51,73
83,4/17/2019 22:26,4/27/2019 23:54,73,30
83,4/28/2019 23:56,5/9/2019 14:43,30,90
83,5/10/2019 10:24,6/3/2019 20:53,90,22
83,6/4/2019 20:55,6/18/2019 5:54,22,73
83,6/19/2019 3:56,7/4/2019 20:35,73,22
83,7/5/2019 23:51,7/16/2019 13:32,22,104
83,7/17/2019 16:32,8/3/2019 1:30,104,13
83,8/5/2019 1:24,8/15/2019 23:49,13,104
83,8/17/2019 5:46,9/11/2019 4:57,104,13
83,9/12/2019 6:27,9/24/2019 23:55,13,104
83,10/27/2019 16:31,11/19/2019 5:29,104,13
84,3/5/2019 4:47,3/14/2019 0:59,100,143
84,3/15/2019 6:59,4/7/2019 4:14,143,90
84,4/25/2019 23:44,4/29/2019 1:30,90,7
84,4/29/2019 18:59,5/11/2019 8:54,7,90
84,5/25/2019 23:46,5/29/2019 1:31,90,7
84,5/29/2019 20:57,6/3/2019 2:57,7,90
84,6/4/2019 2:46,6/14/2019 1:32,90,7
84,6/14/2019 18:59,6/24/2019 7:30,7,104
84,6/25/2019 13:34,7/10/2019 6:49,104,54
84,7/11/2019 0:50,8/11/2019 18:57,54,100
84,8/12/2019 23:52,8/22/2019 20:56,100,143
84,8/23/2019 23:48,9/3/2019 16:30,143,104
84,9/4/2019 17:49,9/30/2019 23:45,104,100
84,10/2/2019 5:53,10/14/2019 1:23,100,40
84,10/14/2019 18:56,10/27/2019 23:50,40,100
84,10/29/2019 4:30,11/14/2019 21:56,100,154
84,11/16/2019 0:45,11/26/2019 9:45,154,100
85,7/27/2019 5:46,9/15/2019 14:58,72,104
85,10/18/2019 17:47,10/31/2019 1:24,104,13
85,11/2/2019 1:31,11/12/2019 12:56,13,104
85,11/13/2019 18:50,11/30/2019 2:24,104,13
85,12/2/2019 21:49,12/31/2019 20:08,13,138
86,1/12/2019 10:51,1/25/2019 7:59,104,13
86,1/27/2019 1:59,4/3/2019 19:24,13,90
86,4/4/2019 22:16,4/8/2019 9:38,90,7
86,4/8/2019 22:19,4/23/2019 19:20,7,90
86,5/14/2019 5:48,5/31/2019 14:17,90,92
86,6/1/2019 17:50,6/13/2019 20:54,92,30
86,6/14/2019 23:48,8/9/2019 2:46,30,90
86,9/4/2019 2:24,9/10/2019 6:21,90,152
86,9/10/2019 20:58,9/18/2019 23:45,152,90
86,9/19/2019 20:37,9/23/2019 20:07,90,7
86,9/24/2019 18:59,10/5/2019 11:56,7,104
86,10/6/2019 14:55,10/31/2019 20:45,104,90
86,11/1/2019 23:50,11/18/2019 20:39,90,70
86,11/20/2019 0:10,12/5/2019 0:51,70,90
86,12/25/2019 0:44,12/27/2019 21:43,90,121
87,1/10/2019 0:59,1/25/2019 1:42,149,100
87,1/27/2019 1:47,2/4/2019 4:58,100,139
87,2/5/2019 4:57,2/18/2019 16:49,139,104
87,2/19/2019 19:51,3/2/2019 10:58,104,14
87,3/3/2019 10:59,3/27/2019 21:55,14,104
87,3/29/2019 0:46,4/8/2019 3:01,104,14
87,4/9/2019 22:14,4/23/2019 4:31,14,104
87,4/24/2019 7:22,5/6/2019 1:06,104,14
87,5/6/2019 23:52,5/19/2019 1:36,14,104
87,5/20/2019 2:56,6/1/2019 5:37,104,14
87,6/2/2019 5:43,8/4/2019 2:56,14,104
87,8/5/2019 5:45,8/15/2019 23:49,104,14
87,8/17/2019 2:50,8/26/2019 23:55,14,104
87,8/27/2019 23:41,9/8/2019 20:51,104,14
87,9/9/2019 20:53,9/22/2019 5:51,14,104
87,10/19/2019 5:58,10/28/2019 23:45,104,14
87,10/30/2019 17:57,11/11/2019 0:56,14,104
87,11/12/2019 2:30,11/25/2019 3:52,104,14
87,11/25/2019 23:29,12/6/2019 21:44,14,104
88,4/18/2019 13:31,5/1/2019 4:25,104,14
88,5/2/2019 2:52,5/12/2019 18:59,14,104
88,6/10/2019 20:53,6/22/2019 20:45,104,14
88,6/24/2019 1:30,7/4/2019 1:31,14,104
88,7/5/2019 4:32,7/17/2019 5:08,104,14
88,7/18/2019 3:27,7/28/2019 23:55,14,104
88,10/29/2019 14:56,11/8/2019 21:52,104,14
88,11/10/2019 21:54,11/24/2019 0:50,14,104
88,11/25/2019 0:49,12/5/2019 0:44,104,14
88,12/6/2019 0:44,12/16/2019 3:49,14,104
89,1/13/2019 16:55,1/23/2019 10:59,104,14
89,1/24/2019 7:59,2/10/2019 7:55,14,104
89,4/6/2019 4:26,4/16/2019 1:28,104,14
89,4/17/2019 4:16,4/30/2019 23:46,14,104
89,9/28/2019 13:30,10/8/2019 21:12,104,14
89,10/9/2019 22:00,10/20/2019 16:32,14,104
90,1/1/2019 2:58,1/29/2019 5:42,104,59
90,1/30/2019 4:08,3/16/2019 0:48,59,104
90,3/18/2019 9:55,3/29/2019 3:46,104,58
90,3/29/2019 22:24,4/11/2019 18:59,58,104
90,6/12/2019 7:34,6/25/2019 1:29,104,58
90,6/25/2019 20:56,7/7/2019 16:31,58,104
90,7/8/2019 18:59,7/21/2019 0:15,104,72
90,7/21/2019 23:53,8/5/2019 2:55,72,104
90,8/6/2019 5:46,8/17/2019 23:47,104,72
90,8/18/2019 23:56,9/2/2019 1:29,72,104
90,9/3/2019 2:57,9/15/2019 4:58,104,58
90,9/16/2019 5:14,10/2/2019 2:53,58,104
90,10/3/2019 1:30,10/15/2019 4:30,104,58
90,10/15/2019 23:53,10/29/2019 13:28,58,104
90,10/30/2019 13:30,11/11/2019 5:16,104,72
90,11/11/2019 15:09,11/23/2019 8:28,72,104
91,3/27/2019 12:55,4/4/2019 22:12,100,139
91,4/5/2019 22:18,4/24/2019 19:26,139,100
91,8/6/2019 1:32,8/18/2019 23:48,100,139
91,8/19/2019 23:54,9/22/2019 11:58,139,175
91,9/23/2019 18:59,11/8/2019 21:54,175,104
91,11/10/2019 2:31,11/25/2019 22:25,104,13
91,11/27/2019 2:30,12/10/2019 11:30,13,104
92,2/17/2019 21:30,2/27/2019 2:11,69,34
92,2/28/2019 4:57,3/13/2019 10:07,34,69
92,3/13/2019 10:07,4/1/2019 22:23,69,34
92,4/2/2019 22:24,4/25/2019 19:51,34,69
92,6/17/2019 5:25,6/25/2019 1:29,69,34
92,6/25/2019 23:27,7/5/2019 17:39,34,69
92,7/7/2019 2:48,8/24/2019 23:48,69,34
92,8/25/2019 23:53,8/31/2019 16:37,34,69
92,9/21/2019 2:48,9/27/2019 20:43,69,22
92,9/28/2019 23:51,10/12/2019 2:13,22,69
92,10/13/2019 11:48,11/24/2019 0:48,69,104
92,11/25/2019 11:31,12/13/2019 3:24,104,58
93,1/24/2019 1:56,1/31/2019 22:42,10,138
93,2/2/2019 1:33,2/14/2019 10:42,138,122
93,2/15/2019 13:52,2/28/2019 13:58,122,10
93,3/1/2019 16:42,3/11/2019 18:18,10,6
93,3/13/2019 18:44,3/22/2019 12:58,6,10
93,3/23/2019 15:54,4/1/2019 4:18,10,20
93,4/1/2019 7:07,4/20/2019 7:15,20,10
93,4/21/2019 10:15,4/30/2019 10:29,10,6
93,5/1/2019 16:29,5/20/2019 7:29,6,10
93,6/28/2019 11:49,7/9/2019 16:28,10,6
93,7/11/2019 1:31,7/16/2019 23:33,6,10
93,8/12/2019 13:31,9/12/2019 8:46,10,138
93,9/13/2019 10:30,9/30/2019 2:59,138,144
93,10/1/2019 5:55,10/5/2019 8:03,144,153
93,10/6/2019 4:29,10/31/2019 8:48,153,10
93,11/1/2019 11:51,11/21/2019 17:15,10,6
93,11/23/2019 4:00,11/28/2019 15:52,6,138
94,1/4/2019 22:59,1/18/2019 1:07,130,99
94,1/19/2019 4:52,2/28/2019 10:37,99,73
94,3/1/2019 10:54,3/11/2019 3:55,73,130
94,3/12/2019 0:59,3/27/2019 1:34,130,73
94,4/10/2019 22:17,4/24/2019 22:26,73,130
94,4/25/2019 18:54,5/10/2019 3:55,130,99
94,5/12/2019 1:21,8/17/2019 17:42,99,100
94,8/18/2019 23:56,8/28/2019 20:55,100,51
94,8/29/2019 23:57,9/18/2019 20:04,51,99
94,9/19/2019 23:45,10/2/2019 20:49,99,65
94,10/3/2019 23:56,10/13/2019 20:21,65,99
94,10/15/2019 1:30,10/21/2019 23:41,99,154
94,10/22/2019 23:46,11/5/2019 21:55,154,99
94,11/7/2019 2:30,11/22/2019 21:51,99,22
94,11/24/2019 0:50,12/9/2019 3:51,22,99
94,12/10/2019 18:57,12/25/2019 19:53,99,39
95,4/5/2019 9:01,4/16/2019 1:24,32,80
95,4/17/2019 3:52,5/3/2019 22:03,80,32
95,6/27/2019 14:54,7/8/2019 1:23,32,18
95,7/8/2019 23:18,7/26/2019 23:35,18,32
95,7/27/2019 23:47,8/6/2019 4:30,32,18
95,8/7/2019 4:31,8/21/2019 6:35,18,32
95,8/22/2019 10:30,8/31/2019 1:22,32,18
95,9/1/2019 1:29,9/11/2019 14:03,18,32
95,10/14/2019 14:55,10/25/2019 15:42,32,23
95,10/27/2019 5:58,11/17/2019 5:31,23,32
96,1/21/2019 9:49,2/15/2019 3:28,73,23
96,2/16/2019 9:43,3/11/2019 1:50,23,73
96,3/12/2019 9:34,3/29/2019 3:58,73,30
96,3/29/2019 22:23,4/9/2019 5:16,30,32
96,4/10/2019 6:26,4/25/2019 23:45,32,80
96,4/27/2019 1:31,5/11/2019 1:17,80,32
96,5/12/2019 3:41,6/2/2019 5:42,32,73
96,6/3/2019 2:56,7/1/2019 23:42,73,32
96,7/2/2019 20:50,7/27/2019 5:41,32,73
96,7/28/2019 8:56,8/13/2019 1:07,73,11
96,8/14/2019 2:49,8/24/2019 17:42,11,32
96,8/25/2019 17:42,9/9/2019 20:52,32,51
96,9/11/2019 4:33,9/20/2019 5:38,51,73
96,9/21/2019 2:51,10/1/2019 23:44,73,141
96,10/2/2019 23:52,11/8/2019 5:31,141,32
96,11/9/2019 14:32,11/20/2019 0:19,32,11
96,11/21/2019 2:29,12/19/2019 21:49,11,73
97,1/20/2019 1:57,1/28/2019 22:48,65,156
97,1/30/2019 4:54,2/9/2019 4:57,156,65
97,2/10/2019 4:56,2/18/2019 21:49,65,156
97,2/20/2019 16:53,3/2/2019 1:59,156,143
97,3/3/2019 4:59,4/5/2019 15:49,143,73
97,4/6/2019 16:02,4/18/2019 1:09,73,65
97,4/19/2019 1:18,5/6/2019 23:52,65,51
97,5/7/2019 20:50,5/26/2019 4:30,51,59
97,5/27/2019 1:31,6/10/2019 1:21,59,30
97,6/10/2019 23:56,6/23/2019 5:33,30,73
97,6/24/2019 4:21,7/5/2019 23:45,73,51
97,7/7/2019 1:32,7/18/2019 10:16,51,73
97,7/19/2019 10:29,7/28/2019 23:56,73,22
97,7/29/2019 20:47,8/11/2019 5:08,22,73
97,8/12/2019 2:53,8/22/2019 23:44,73,51
97,8/23/2019 20:43,10/16/2019 23:53,51,73
97,10/19/2019 14:58,10/30/2019 20:55,73,139
97,10/31/2019 23:49,11/13/2019 5:30,139,100
97,11/14/2019 11:31,12/5/2019 2:30,100,154
97,12/6/2019 0:50,12/14/2019 21:24,154,73
98,1/2/2019 7:48,1/19/2019 1:57,73,48
98,1/20/2019 1:59,1/30/2019 4:44,48,73
98,1/31/2019 4:46,2/13/2019 1:59,73,130
98,2/14/2019 1:58,3/4/2019 10:48,130,99
98,4/12/2019 1:06,4/24/2019 22:24,99,30
98,4/25/2019 18:59,5/7/2019 21:41,30,73
98,6/6/2019 2:50,6/16/2019 19:30,73,11
98,6/17/2019 20:39,7/2/2019 7:07,11,73
98,7/3/2019 2:48,7/16/2019 20:54,73,130
98,7/17/2019 18:59,7/30/2019 18:20,130,99
98,7/31/2019 23:54,8/12/2019 23:51,99,149
98,8/14/2019 20:47,8/25/2019 5:38,149,73
98,8/26/2019 2:56,9/10/2019 6:24,73,121
98,9/11/2019 5:55,9/23/2019 6:25,121,73
98,10/24/2019 2:52,11/4/2019 2:30,73,39
98,11/4/2019 21:37,11/15/2019 21:56,39,73
99,4/13/2019 4:22,7/19/2019 14:26,72,73
99,7/21/2019 23:54,8/3/2019 23:53,73,30
99,8/5/2019 1:31,8/16/2019 3:03,30,73
99,8/17/2019 2:50,8/25/2019 20:45,73,51
99,8/26/2019 23:55,9/5/2019 1:11,51,99
99,9/6/2019 4:31,9/18/2019 23:41,99,65
99,9/20/2019 1:31,10/3/2019 20:15,65,99
99,10/5/2019 8:06,10/15/2019 23:53,99,30
99,10/16/2019 23:53,10/29/2019 20:46,30,99
99,10/30/2019 23:58,11/14/2019 2:24,99,65
99,11/15/2019 5:31,11/23/2019 21:47,65,99
99,11/25/2019 5:31,12/4/2019 0:52,99,51
99,12/5/2019 5:31,12/15/2019 2:28,51,99
99,12/16/2019 8:32,12/24/2019 21:54,99,51
100,2/4/2019 4:56,2/13/2019 4:58,99,139
100,2/14/2019 4:38,2/26/2019 4:52,139,99
100,2/27/2019 4:44,3/8/2019 4:46,99,139
100,3/9/2019 4:46,3/19/2019 3:48,139,99
100,3/20/2019 3:51,3/29/2019 3:58,99,139
100,3/30/2019 1:17,4/10/2019 5:03,139,99
100,4/11/2019 4:27,4/23/2019 1:20,99,39
100,4/23/2019 19:21,5/5/2019 16:05,39,73
100,5/6/2019 13:25,5/16/2019 1:31,73,11
100,5/17/2019 1:29,5/28/2019 19:39,11,99
100,5/30/2019 17:59,6/22/2019 4:31,99,100
100,6/23/2019 7:30,7/14/2019 4:20,100,99
100,8/7/2019 1:08,8/18/2019 20:47,99,39
100,8/19/2019 20:49,8/31/2019 20:44,39,99
100,11/15/2019 3:48,11/28/2019 21:48,99,39
100,11/29/2019 21:54,12/11/2019 0:47,39,99
100,12/12/2019 2:30,12/23/2019 21:57,99,130
101,1/7/2019 10:50,1/18/2019 22:28,32,23
101,1/20/2019 7:55,2/2/2019 1:59,23,32
101,2/3/2019 4:57,2/15/2019 1:58,32,121
101,2/16/2019 7:14,2/25/2019 4:48,121,32
101,2/26/2019 4:55,3/8/2019 1:59,32,51
101,3/9/2019 4:12,3/20/2019 20:59,51,156
101,3/22/2019 9:55,4/2/2019 21:01,156,14
101,4/4/2019 23:46,4/15/2019 16:13,14,156
101,4/16/2019 18:58,4/28/2019 20:50,156,14
101,4/30/2019 17:49,5/9/2019 16:18,14,156
101,5/10/2019 17:50,5/22/2019 20:49,156,14
101,5/23/2019 20:55,6/5/2019 16:15,14,156
101,6/6/2019 17:55,6/17/2019 23:46,156,14
101,6/18/2019 23:49,7/3/2019 16:31,14,156
101,7/5/2019 1:32,7/14/2019 23:53,156,18
101,7/15/2019 23:54,7/31/2019 11:05,18,73
101,8/1/2019 13:31,8/12/2019 23:52,73,18
101,8/13/2019 23:44,9/20/2019 16:29,18,156
101,9/21/2019 20:47,10/5/2019 23:51,156,14
101,10/6/2019 22:35,10/29/2019 7:31,14,99
101,10/30/2019 18:59,11/13/2019 0:57,99,154
101,11/13/2019 22:51,12/3/2019 5:31,154,99
101,12/4/2019 18:45,12/19/2019 21:55,99,51
102,1/22/2019 7:21,1/31/2019 1:51,156,30
102,2/1/2019 4:31,3/27/2019 6:57,30,32
102,3/28/2019 11:58,4/10/2019 6:26,32,58
102,4/11/2019 4:23,4/19/2019 18:54,58,73
102,4/21/2019 1:06,5/6/2019 2:21,73,7
102,5/7/2019 1:30,5/15/2019 6:52,7,32
102,5/16/2019 7:27,6/13/2019 5:57,32,73
102,6/14/2019 5:53,6/30/2019 20:09,73,7
102,7/1/2019 18:59,7/15/2019 4:47,7,73
102,7/16/2019 5:49,7/25/2019 20:48,73,58
102,7/26/2019 20:48,8/7/2019 0:36,58,32
102,8/8/2019 5:55,9/3/2019 5:20,32,73
102,9/4/2019 11:08,9/17/2019 1:31,73,7
102,9/17/2019 18:59,9/30/2019 5:33,7,73
102,10/1/2019 4:30,10/12/2019 1:31,73,58
102,10/12/2019 23:51,10/21/2019 16:31,58,32
102,10/22/2019 17:53,11/18/2019 8:08,32,73
103,3/20/2019 6:44,4/21/2019 18:59,65,100
103,4/23/2019 6:34,5/3/2019 20:44,100,30
103,5/5/2019 1:31,5/19/2019 7:13,30,73
103,5/20/2019 5:43,7/3/2019 17:53,73,100
103,7/4/2019 23:47,8/16/2019 20:49,100,51
103,8/17/2019 23:50,9/25/2019 13:30,51,175
103,9/27/2019 4:31,10/27/2019 23:48,175,30
103,10/28/2019 23:51,12/1/2019 21:49,30,175
104,1/12/2019 1:58,1/24/2019 5:24,30,73
104,1/25/2019 10:43,2/6/2019 1:51,73,51
104,2/7/2019 1:54,2/25/2019 4:48,51,73
104,2/26/2019 4:57,3/9/2019 7:54,73,30
104,3/10/2019 6:48,3/20/2019 16:15,30,73
104,3/21/2019 15:53,4/5/2019 22:15,73,30
104,4/6/2019 18:59,5/11/2019 21:19,30,73
104,5/13/2019 1:03,5/24/2019 20:49,73,51
104,5/25/2019 20:46,6/7/2019 7:46,51,73
104,6/8/2019 7:24,6/24/2019 1:32,73,22
104,6/24/2019 18:56,7/7/2019 5:28,22,73
104,7/8/2019 4:21,7/24/2019 23:53,73,22
104,7/25/2019 20:50,8/6/2019 5:17,22,73
104,8/7/2019 4:30,8/18/2019 20:52,73,22
104,8/19/2019 20:50,8/30/2019 5:10,22,73
104,8/31/2019 4:15,9/13/2019 20:50,73,51
104,9/14/2019 20:51,9/27/2019 5:07,51,73
104,9/28/2019 2:57,10/7/2019 20:47,73,22
104,10/8/2019 18:59,10/20/2019 18:58,22,73
104,11/13/2019 18:45,11/26/2019 21:46,73,22
104,11/28/2019 0:50,12/10/2019 21:46,22,73
104,12/12/2019 5:30,12/22/2019 21:51,73,51
105,1/5/2019 12:47,1/14/2019 1:44,32,34
105,1/15/2019 4:59,2/3/2019 3:21,34,73
105,2/4/2019 1:49,2/19/2019 4:57,73,51
105,2/20/2019 1:18,3/5/2019 4:11,51,73
105,3/6/2019 1:31,3/21/2019 9:52,73,7
105,3/22/2019 0:58,3/30/2019 5:46,7,73
105,4/29/2019 2:43,5/9/2019 4:31,73,7
105,5/13/2019 18:58,5/22/2019 23:49,7,99
105,5/24/2019 1:31,6/4/2019 20:55,99,22
105,6/5/2019 20:42,6/17/2019 5:52,22,32
105,9/11/2019 5:00,9/19/2019 22:55,32,11
105,9/20/2019 23:43,10/2/2019 23:22,11,32
105,10/3/2019 23:56,11/2/2019 23:54,32,73
105,11/3/2019 17:30,11/14/2019 0:41,73,30
105,11/15/2019 5:30,11/26/2019 21:33,30,73
105,11/27/2019 18:55,12/7/2019 21:44,73,22
105,12/9/2019 0:50,12/18/2019 21:51,22,99
106,1/8/2019 4:47,1/19/2019 4:11,156,51
106,1/20/2019 1:43,2/13/2019 7:58,51,100
106,2/14/2019 21:52,3/5/2019 7:56,100,30
106,3/6/2019 4:59,4/2/2019 22:21,30,32
106,4/3/2019 22:21,4/17/2019 1:26,32,30
106,4/18/2019 1:16,4/29/2019 11:09,30,32
106,4/30/2019 13:30,5/27/2019 20:05,32,73
106,5/28/2019 20:52,6/27/2019 10:54,73,32
106,6/28/2019 13:28,7/26/2019 23:51,32,100
106,7/28/2019 1:32,8/7/2019 20:51,100,51
106,8/8/2019 20:53,8/29/2019 23:45,51,100
106,8/31/2019 4:32,9/19/2019 20:22,100,32
106,9/20/2019 23:34,9/30/2019 20:55,32,51
106,10/1/2019 20:45,10/20/2019 20:51,51,90
106,10/21/2019 20:57,10/31/2019 20:47,90,51
106,11/1/2019 20:46,11/10/2019 21:54,51,100
106,11/12/2019 5:31,11/24/2019 0:48,100,30
106,11/25/2019 0:49,12/7/2019 5:21,30,32
106,12/8/2019 5:30,12/19/2019 0:05,32,11
107,8/20/2019 23:51,10/12/2019 20:41,72,99
107,10/15/2019 20:49,10/28/2019 20:46,99,51
107,10/29/2019 23:52,11/9/2019 0:49,51,99
107,11/10/2019 5:32,12/1/2019 21:49,99,73
107,12/2/2019 18:57,12/21/2019 21:46,73,99
108,1/4/2019 7:56,1/15/2019 0:24,99,58
108,1/16/2019 1:59,3/4/2019 18:59,58,92
108,3/6/2019 12:59,3/18/2019 9:56,92,30
108,3/19/2019 3:12,4/1/2019 22:16,30,73
108,4/2/2019 22:27,4/18/2019 4:18,73,23
108,4/19/2019 10:18,5/2/2019 5:00,23,73
108,5/3/2019 2:50,5/17/2019 23:47,73,18
108,5/19/2019 1:26,6/21/2019 8:23,18,73
108,6/23/2019 1:16,7/3/2019 20:43,73,48
108,7/4/2019 23:47,7/16/2019 8:35,48,73
108,7/17/2019 7:21,7/26/2019 20:31,73,70
108,7/27/2019 23:50,8/11/2019 7:08,70,32
108,8/12/2019 7:24,8/24/2019 0:30,32,11
108,8/25/2019 2:48,9/5/2019 22:43,11,32
108,10/5/2019 8:06,10/17/2019 22:07,32,11
108,10/18/2019 23:53,10/28/2019 8:51,11,73
108,10/29/2019 7:30,11/7/2019 21:55,73,51
108,11/8/2019 21:55,11/20/2019 21:55,51,73
108,11/21/2019 18:51,12/9/2019 21:44,73,22
109,1/12/2019 10:54,1/23/2019 4:52,73,65
109,1/24/2019 1:56,2/5/2019 1:44,65,73
109,2/6/2019 1:56,2/17/2019 4:47,73,51
109,2/18/2019 1:46,3/28/2019 5:22,51,73
109,3/29/2019 9:47,4/9/2019 1:13,73,30
109,4/9/2019 22:14,5/2/2019 23:46,30,65
109,5/3/2019 23:48,6/24/2019 21:37,65,73
109,6/25/2019 20:56,7/8/2019 2:54,73,65
109,7/9/2019 1:30,7/23/2019 23:51,65,73
109,7/24/2019 20:52,8/5/2019 23:53,73,51
109,8/6/2019 20:51,8/19/2019 0:28,51,73
109,8/19/2019 20:49,9/1/2019 1:30,73,65
109,9/1/2019 23:51,9/13/2019 4:02,65,73
109,9/13/2019 20:49,9/27/2019 23:49,73,30
109,9/28/2019 18:59,10/10/2019 5:37,30,73
109,10/11/2019 4:30,10/22/2019 2:48,73,22
109,10/22/2019 23:47,11/10/2019 0:57,22,73
109,11/10/2019 21:54,12/1/2019 0:52,73,51
109,12/2/2019 0:52,12/17/2019 0:54,51,73
110,2/13/2019 10:50,2/27/2019 4:56,73,30
110,2/28/2019 4:15,3/12/2019 9:56,30,99
110,3/13/2019 11:54,3/26/2019 3:56,99,130
110,3/27/2019 3:59,4/16/2019 10:55,130,32
110,4/18/2019 1:16,4/28/2019 3:55,32,70
110,4/29/2019 20:57,5/23/2019 8:36,70,73
110,6/28/2019 8:46,7/7/2019 23:50,73,22
110,7/8/2019 18:57,7/17/2019 21:37,22,32
110,7/18/2019 20:54,7/28/2019 2:53,32,29
110,7/29/2019 4:26,8/16/2019 14:56,29,32
110,8/18/2019 1:28,8/30/2019 20:29,32,11
110,8/31/2019 23:40,9/11/2019 17:11,11,73
110,9/12/2019 20:47,9/24/2019 1:29,73,51
110,9/25/2019 1:31,10/5/2019 16:07,51,156
110,10/6/2019 15:40,10/16/2019 2:55,156,14
110,10/17/2019 2:58,10/25/2019 23:57,14,32
110,10/26/2019 20:47,11/15/2019 21:12,32,11
110,11/17/2019 0:50,11/29/2019 2:31,11,73
111,1/18/2019 4:43,2/2/2019 1:59,73,48
111,2/3/2019 4:59,2/15/2019 13:02,48,73
111,2/16/2019 10:57,3/1/2019 4:22,73,11
111,3/2/2019 4:58,3/12/2019 15:09,11,73
111,3/13/2019 12:46,3/31/2019 22:21,73,48
111,4/1/2019 22:25,4/21/2019 18:01,48,32
111,4/23/2019 1:31,5/7/2019 21:41,32,11
111,5/9/2019 1:27,5/19/2019 8:35,11,32
111,5/20/2019 8:49,6/2/2019 20:46,32,139
111,6/3/2019 23:48,6/15/2019 18:28,139,73
111,6/16/2019 17:47,6/26/2019 20:47,73,51
111,6/27/2019 20:51,7/10/2019 4:59,51,73
111,9/18/2019 14:47,9/25/2019 5:51,73,121
111,9/26/2019 5:53,10/5/2019 2:43,121,73
111,10/5/2019 23:59,10/15/2019 20:50,73,22
111,10/17/2019 1:30,11/7/2019 21:56,22,73
111,11/8/2019 21:56,11/15/2019 20:28,73,7
111,11/16/2019 18:58,12/1/2019 6:51,7,32
112,1/8/2019 6:59,1/22/2019 22:38,121,73
112,1/24/2019 1:51,2/17/2019 1:58,73,121
112,2/18/2019 4:59,2/26/2019 1:45,121,99
112,2/27/2019 4:42,3/6/2019 1:39,99,121
112,3/7/2019 4:04,4/1/2019 23:23,121,126
112,4/3/2019 7:24,4/14/2019 1:26,126,99
112,4/15/2019 3:57,4/24/2019 23:32,99,154
112,4/25/2019 23:45,5/13/2019 1:02,154,99
112,5/14/2019 5:54,5/25/2019 2:36,99,154
112,5/26/2019 7:31,6/3/2019 20:43,154,92
112,6/5/2019 5:31,6/22/2019 20:48,92,99
112,6/24/2019 1:33,7/6/2019 19:20,99,7
112,7/7/2019 18:59,8/19/2019 1:28,7,37
112,8/20/2019 16:32,9/13/2019 16:32,37,121
112,9/14/2019 16:31,9/25/2019 16:32,121,156
112,9/26/2019 18:59,10/8/2019 20:55,156,30
112,10/10/2019 1:29,10/21/2019 10:31,30,99
112,10/22/2019 18:58,11/3/2019 1:32,99,48
112,11/4/2019 2:32,11/21/2019 0:56,48,99
113,1/12/2019 7:56,1/22/2019 1:43,32,51
113,1/23/2019 1:49,2/4/2019 0:23,51,32
113,2/5/2019 1:46,2/15/2019 1:57,32,51
113,2/16/2019 3:59,3/1/2019 10:49,51,32
113,3/2/2019 7:51,3/15/2019 3:00,32,30
113,3/16/2019 3:13,5/21/2019 10:19,30,32
113,5/27/2019 2:57,7/2/2019 21:51,32,99
113,7/4/2019 1:07,8/10/2019 0:54,99,32
113,8/11/2019 4:08,8/26/2019 2:40,32,18
113,8/27/2019 2:43,9/7/2019 23:54,18,100
113,9/8/2019 23:56,9/18/2019 20:54,100,51
113,9/19/2019 23:47,10/16/2019 20:48,51,99
113,10/17/2019 18:59,10/27/2019 23:31,99,32
113,10/28/2019 20:47,11/10/2019 21:52,32,51
113,11/11/2019 21:56,11/24/2019 21:45,51,99
113,11/25/2019 21:52,12/7/2019 21:46,99,51
114,1/22/2019 10:35,1/29/2019 4:57,169,108
114,1/30/2019 1:59,2/2/2019 11:40,108,169
114,2/3/2019 10:24,2/6/2019 15:49,169,39
114,2/7/2019 3:24,2/18/2019 4:48,39,65
114,2/19/2019 1:51,3/10/2019 6:11,65,169
114,3/10/2019 13:42,3/16/2019 0:59,169,112
114,3/18/2019 9:48,3/26/2019 9:26,112,169
114,3/27/2019 3:17,4/15/2019 7:14,169,99
114,4/16/2019 7:19,4/28/2019 20:52,99,51
114,4/29/2019 20:57,5/12/2019 17:15,51,32
114,5/13/2019 16:25,5/28/2019 20:51,32,51
114,5/29/2019 20:42,7/26/2019 23:51,51,99
114,7/28/2019 23:56,8/10/2019 20:54,99,39
114,8/12/2019 1:20,8/29/2019 4:20,39,32
114,9/27/2019 13:31,10/10/2019 23:40,32,7
114,10/11/2019 18:59,10/27/2019 1:30,7,99
114,10/28/2019 2:55,11/5/2019 21:57,99,51
114,11/7/2019 2:24,11/19/2019 8:29,51,32
114,11/20/2019 8:31,11/29/2019 21:45,32,51
114,12/1/2019 5:30,12/15/2019 21:37,51,32
115,3/7/2019 22:55,3/15/2019 0:22,32,148
115,3/16/2019 0:26,4/1/2019 0:09,148,32
115,4/1/2019 22:25,4/16/2019 20:08,32,148
115,4/17/2019 18:21,4/25/2019 17:53,148,32
115,4/26/2019 16:25,5/5/2019 18:09,32,148
115,5/6/2019 17:11,5/20/2019 13:22,148,32
115,5/21/2019 13:20,6/8/2019 17:55,32,148
115,6/9/2019 18:59,6/28/2019 16:23,148,32
115,6/29/2019 16:16,7/10/2019 17:42,32,148
115,7/11/2019 17:51,8/4/2019 2:50,148,32
115,8/4/2019 23:51,8/16/2019 18:19,32,148
115,8/17/2019 17:58,8/25/2019 21:15,148,32
115,8/26/2019 18:48,9/8/2019 17:47,32,148
115,9/9/2019 17:49,9/28/2019 13:30,148,32
115,9/29/2019 18:59,10/7/2019 18:15,32,148
115,10/8/2019 17:46,11/1/2019 23:48,148,32
115,11/3/2019 8:30,11/10/2019 23:41,32,148
115,11/12/2019 0:42,11/25/2019 20:08,148,32
115,11/26/2019 18:57,12/8/2019 18:31,32,148
116,3/20/2019 12:43,4/3/2019 22:13,32,70
116,4/6/2019 1:20,4/15/2019 7:10,70,32
116,5/10/2019 7:26,5/22/2019 8:52,32,23
116,5/23/2019 10:30,6/7/2019 13:38,23,32
116,6/8/2019 12:00,6/20/2019 2:51,32,18
116,6/21/2019 2:55,6/30/2019 20:42,18,32
116,7/1/2019 23:46,7/13/2019 1:33,32,18
116,7/14/2019 2:50,8/1/2019 11:54,18,32
116,8/28/2019 8:54,9/8/2019 20:51,32,70
116,9/12/2019 6:38,9/25/2019 2:56,70,32
116,9/26/2019 7:20,10/14/2019 1:28,32,70
116,10/15/2019 20:59,11/4/2019 2:30,70,32
117,1/15/2019 4:41,1/25/2019 1:56,32,143
117,1/26/2019 1:59,2/8/2019 14:02,143,32
117,2/9/2019 13:41,4/1/2019 22:19,32,139
117,4/2/2019 22:20,5/16/2019 20:43,139,100
117,5/20/2019 17:47,7/25/2019 14:39,100,32
117,7/26/2019 16:06,8/7/2019 1:31,32,139
117,8/7/2019 23:57,9/12/2019 20:43,139,32
117,9/14/2019 4:51,9/21/2019 23:04,32,154
117,9/22/2019 23:52,10/1/2019 2:39,154,32
118,1/4/2019 4:59,1/18/2019 16:45,22,32
118,2/14/2019 7:53,2/28/2019 10:48,32,70
118,3/1/2019 10:43,3/12/2019 3:54,70,32
118,3/13/2019 3:48,3/25/2019 3:58,32,22
118,3/26/2019 0:59,4/6/2019 18:58,22,100
118,4/8/2019 6:50,4/17/2019 22:19,100,30
118,4/18/2019 20:43,4/28/2019 17:48,30,100
118,4/30/2019 7:31,5/13/2019 23:55,100,30
118,5/14/2019 20:54,6/19/2019 17:42,30,100
118,6/20/2019 23:52,7/2/2019 20:50,100,22
118,7/3/2019 20:43,7/12/2019 13:30,22,100
118,7/13/2019 18:59,7/26/2019 23:52,100,51
118,7/27/2019 23:49,9/21/2019 17:55,51,100
118,9/25/2019 2:56,10/5/2019 8:06,100,143
118,10/5/2019 23:59,10/16/2019 11:54,143,100
118,10/17/2019 17:59,10/24/2019 23:48,100,22
118,10/25/2019 20:54,11/5/2019 17:32,22,100
118,11/6/2019 23:02,11/26/2019 21:45,100,139
118,11/28/2019 0:49,12/9/2019 9:24,139,100
118,12/10/2019 21:46,12/20/2019 21:29,100,11
119,1/24/2019 4:54,2/2/2019 4:57,156,14
119,2/3/2019 4:59,5/8/2019 1:26,14,32
119,5/9/2019 4:18,5/20/2019 23:52,32,70
119,5/22/2019 4:28,6/7/2019 16:30,70,156
119,6/8/2019 16:31,6/17/2019 23:47,156,30
119,6/18/2019 23:49,7/6/2019 16:32,30,156
119,7/7/2019 23:48,7/19/2019 20:48,156,7
119,7/20/2019 18:59,7/31/2019 20:33,7,156
119,8/2/2019 1:32,8/13/2019 1:31,156,58
119,8/14/2019 2:45,8/31/2019 16:31,58,156
119,9/1/2019 16:29,9/9/2019 20:05,156,7
119,9/10/2019 18:59,9/22/2019 16:28,7,156
119,9/23/2019 16:31,11/13/2019 2:29,156,58
119,11/14/2019 2:32,11/23/2019 15:44,58,156
119,11/24/2019 18:44,12/4/2019 20:10,156,7
119,12/6/2019 21:41,12/17/2019 0:38,7,156
120,2/6/2019 1:46,2/18/2019 4:51,156,149
120,2/20/2019 1:59,3/12/2019 21:08,149,156
120,3/14/2019 15:15,3/27/2019 3:51,156,14
120,3/28/2019 3:59,4/9/2019 16:20,14,156
120,4/10/2019 18:59,4/18/2019 20:05,156,7
120,4/19/2019 22:11,4/30/2019 16:20,7,156
120,5/1/2019 16:30,5/12/2019 1:20,156,14
120,5/13/2019 1:15,5/27/2019 18:58,14,156
120,5/29/2019 4:31,6/7/2019 20:13,156,30
120,6/9/2019 1:31,6/19/2019 16:08,30,156
120,6/20/2019 17:43,7/3/2019 19:41,156,7
120,7/4/2019 18:59,7/15/2019 16:19,7,156
120,7/17/2019 8:40,7/27/2019 20:31,156,14
120,7/28/2019 20:46,8/9/2019 15:51,14,156
120,8/11/2019 7:32,8/20/2019 17:47,156,7
120,8/20/2019 18:59,9/7/2019 23:49,7,32
120,9/9/2019 16:26,9/20/2019 0:27,32,70
120,9/21/2019 2:54,10/3/2019 17:47,70,156
120,10/3/2019 18:38,10/12/2019 18:59,156,7
120,10/12/2019 20:47,10/21/2019 16:06,7,156
120,10/21/2019 17:51,11/1/2019 20:24,156,14
120,11/2/2019 22:54,11/17/2019 15:45,14,156
120,11/19/2019 2:24,12/1/2019 21:43,156,14
120,12/2/2019 21:49,12/12/2019 17:58,14,156
120,12/14/2019 2:26,12/23/2019 21:56,156,30
121,1/11/2019 4:59,1/19/2019 7:48,65,99
121,1/20/2019 13:51,2/1/2019 7:58,99,51
121,2/2/2019 10:58,2/14/2019 1:58,51,99
121,2/15/2019 7:50,2/24/2019 7:57,99,65
121,2/25/2019 10:56,3/9/2019 7:59,65,99
121,3/10/2019 15:58,3/19/2019 3:20,99,65
121,3/20/2019 3:54,3/30/2019 1:18,65,99
121,3/31/2019 10:22,4/8/2019 22:25,99,51
121,4/9/2019 22:14,4/19/2019 23:37,51,99
121,4/21/2019 10:15,4/29/2019 23:46,99,51
121,5/1/2019 2:52,6/26/2019 20:15,51,99
121,6/30/2019 4:22,7/12/2019 23:49,99,65
121,7/13/2019 23:57,7/23/2019 2:54,65,99
121,7/24/2019 7:31,8/5/2019 1:30,99,65
121,8/6/2019 5:47,8/16/2019 23:51,65,99
121,8/18/2019 2:55,8/31/2019 1:30,99,65
121,9/1/2019 5:46,9/9/2019 20:38,65,99
121,9/11/2019 5:01,9/24/2019 23:56,99,51
121,9/26/2019 1:31,10/8/2019 20:49,51,99
121,10/10/2019 1:31,10/18/2019 20:51,99,51
121,10/19/2019 23:55,11/4/2019 2:31,51,99
121,11/5/2019 0:58,11/19/2019 21:47,99,65
121,11/21/2019 0:57,11/29/2019 18:56,65,99
121,12/1/2019 0:53,12/14/2019 21:55,99,65
122,2/2/2019 4:48,2/11/2019 22:57,99,22
122,2/12/2019 1:59,2/23/2019 1:55,22,99
122,3/20/2019 14:57,3/31/2019 22:20,99,65
122,4/1/2019 22:25,4/10/2019 1:17,65,100
122,4/11/2019 7:16,4/19/2019 20:16,100,112
122,4/21/2019 1:22,5/2/2019 23:44,112,100
122,6/7/2019 13:53,6/16/2019 20:26,100,51
122,6/17/2019 20:44,6/25/2019 7:31,51,100
122,6/26/2019 8:49,7/5/2019 23:51,100,51
122,7/7/2019 1:31,7/18/2019 1:11,51,99
122,7/19/2019 1:25,7/29/2019 19:56,99,51
122,7/31/2019 1:35,9/16/2019 5:15,51,100
122,9/19/2019 1:30,9/27/2019 23:50,100,65
122,9/28/2019 23:51,10/10/2019 1:30,65,100
122,10/11/2019 2:45,10/28/2019 23:03,100,65
122,10/29/2019 23:52,11/7/2019 17:30,65,100
122,11/9/2019 2:31,11/18/2019 2:29,100,108
122,11/19/2019 2:31,11/29/2019 0:48,108,100
123,1/12/2019 7:55,1/24/2019 1:57,99,130
123,1/25/2019 1:59,2/12/2019 1:54,130,99
123,2/13/2019 4:59,2/27/2019 3:31,99,151
123,2/28/2019 1:59,3/18/2019 5:08,151,99
123,3/19/2019 6:58,3/29/2019 22:09,99,151
123,3/31/2019 1:24,4/23/2019 22:22,151,99
123,4/24/2019 18:59,5/7/2019 20:50,99,51
123,5/9/2019 1:18,5/30/2019 2:50,51,99
123,7/2/2019 20:50,7/24/2019 20:52,99,151
123,7/25/2019 23:54,8/14/2019 22:43,151,99
123,8/15/2019 23:49,8/26/2019 20:03,99,151
123,8/27/2019 23:41,9/22/2019 21:55,151,99
123,9/24/2019 4:30,10/3/2019 20:30,99,151
123,10/5/2019 7:49,11/11/2019 21:55,151,99
123,11/13/2019 0:59,11/29/2019 0:48,99,151
123,11/29/2019 21:54,12/14/2019 21:55,151,99
123,12/15/2019 21:54,12/25/2019 21:50,99,151
124,1/22/2019 4:59,2/17/2019 22:44,99,100
124,2/18/2019 1:44,3/10/2019 1:46,100,99
124,3/11/2019 3:48,3/22/2019 9:43,99,51
124,3/23/2019 3:56,4/5/2019 19:13,51,99
124,4/7/2019 1:25,4/17/2019 1:12,99,22
124,4/17/2019 19:22,5/2/2019 2:09,22,99
124,5/3/2019 2:49,5/12/2019 1:30,99,65
124,5/13/2019 1:30,6/10/2019 1:23,65,39
124,6/10/2019 23:41,6/29/2019 3:31,39,169
124,6/30/2019 8:22,7/4/2019 20:34,169,51
124,7/5/2019 20:44,7/15/2019 23:53,51,108
124,7/16/2019 20:55,7/21/2019 3:23,108,169
124,7/22/2019 5:05,8/7/2019 20:36,169,65
124,8/8/2019 18:59,8/16/2019 20:49,65,112
124,8/17/2019 23:50,8/26/2019 5:37,112,169
124,8/26/2019 18:44,8/30/2019 20:29,169,51
124,8/31/2019 20:45,9/10/2019 20:57,51,99
124,9/12/2019 6:42,9/23/2019 20:53,99,51
124,9/24/2019 20:53,10/12/2019 2:49,51,99
124,10/13/2019 4:30,10/22/2019 23:46,99,22
124,10/23/2019 20:44,11/5/2019 0:57,22,99
124,11/6/2019 0:43,11/18/2019 21:48,99,130
124,11/19/2019 18:50,12/2/2019 3:53,130,99
124,12/3/2019 4:00,12/12/2019 21:43,99,51
125,2/5/2019 1:48,2/18/2019 1:33,99,139
125,2/19/2019 1:43,3/8/2019 7:40,139,99
125,5/28/2019 17:49,6/8/2019 21:14,99,151
125,6/10/2019 1:28,6/21/2019 18:46,151,99
126,1/7/2019 1:46,1/14/2019 4:11,99,154
126,1/15/2019 4:59,2/15/2019 1:41,154,99
126,3/8/2019 4:53,3/15/2019 3:46,99,154
126,3/16/2019 5:26,4/12/2019 20:39,154,99
126,4/14/2019 1:13,4/20/2019 22:40,99,154
126,4/21/2019 22:39,5/3/2019 5:53,154,99
126,5/4/2019 4:30,5/10/2019 22:37,99,154
126,5/11/2019 23:46,5/21/2019 20:52,154,99
126,5/22/2019 20:49,5/29/2019 22:26,99,154
126,5/30/2019 23:56,6/8/2019 9:47,154,99
126,6/26/2019 1:18,7/3/2019 22:37,99,154
126,7/4/2019 23:46,7/14/2019 8:42,154,99
126,7/15/2019 11:57,7/22/2019 22:51,99,154
126,7/23/2019 23:51,8/3/2019 5:42,154,99
126,8/4/2019 4:31,8/10/2019 23:00,99,154
126,8/12/2019 0:28,8/20/2019 5:45,154,99
126,8/21/2019 4:30,8/27/2019 23:01,99,154
126,8/29/2019 0:03,9/6/2019 5:56,154,99
126,9/7/2019 7:28,9/15/2019 4:58,99,154
126,9/16/2019 0:58,11/4/2019 21:52,154,54
126,11/5/2019 21:58,12/30/2019 21:56,54,99
127,1/30/2019 4:55,2/7/2019 0:10,154,99
127,2/8/2019 1:40,2/15/2019 4:05,99,154
127,2/16/2019 3:59,2/27/2019 5:06,154,99
127,2/28/2019 7:46,3/7/2019 3:34,99,154
127,3/8/2019 4:59,4/9/2019 19:46,154,99
127,4/10/2019 22:19,4/17/2019 22:25,99,154
127,4/19/2019 0:52,4/27/2019 20:16,154,99
127,4/28/2019 23:56,5/5/2019 23:13,99,154
127,5/6/2019 23:47,5/16/2019 5:51,154,99
127,5/17/2019 8:44,5/24/2019 22:45,99,154
127,5/25/2019 23:51,6/3/2019 2:55,154,99
127,6/4/2019 2:54,6/10/2019 22:44,99,154
127,6/11/2019 23:46,6/20/2019 2:51,154,99
127,6/21/2019 1:29,6/27/2019 22:32,99,154
127,6/28/2019 23:50,7/9/2019 20:45,154,99
127,7/11/2019 1:28,7/17/2019 22:31,99,154
127,7/18/2019 23:36,7/27/2019 5:46,154,99
127,7/28/2019 10:31,8/3/2019 22:18,99,154
127,8/4/2019 23:52,8/13/2019 23:45,154,99
127,8/14/2019 20:47,8/21/2019 22:58,99,154
127,8/22/2019 23:44,9/2/2019 3:17,154,99
127,9/3/2019 4:30,9/11/2019 22:37,99,154
127,9/13/2019 1:16,9/25/2019 20:26,154,99
127,9/26/2019 23:00,10/3/2019 23:56,99,154
128,1/13/2019 1:59,1/23/2019 11:53,51,99
128,1/24/2019 16:59,2/5/2019 4:58,99,151
128,2/6/2019 4:59,2/28/2019 7:55,151,99
128,3/1/2019 13:57,3/14/2019 9:57,99,123
128,3/15/2019 6:59,4/7/2019 0:05,123,99
128,5/6/2019 20:48,5/22/2019 23:49,99,139
128,5/23/2019 20:55,6/6/2019 20:45,139,99
128,6/7/2019 18:58,6/24/2019 18:55,99,123
128,6/25/2019 20:56,7/12/2019 6:27,123,99
128,7/13/2019 2:55,8/1/2019 20:49,99,51
128,8/2/2019 20:52,8/24/2019 5:52,51,99
128,8/25/2019 8:47,9/4/2019 20:23,99,151
128,9/5/2019 23:48,10/8/2019 5:57,151,99
128,10/9/2019 18:59,10/21/2019 23:45,99,139
128,10/22/2019 20:58,11/23/2019 8:29,139,99
128,11/24/2019 18:57,12/6/2019 21:45,99,112
129,1/2/2019 1:50,1/15/2019 1:57,99,22
129,1/16/2019 1:59,1/29/2019 7:57,22,99
129,1/30/2019 16:49,3/15/2019 0:59,99,48
129,3/18/2019 9:55,4/3/2019 18:09,48,99
129,4/4/2019 19:11,4/17/2019 22:27,99,139
129,4/18/2019 22:16,5/4/2019 18:51,139,99
129,5/6/2019 0:15,5/15/2019 20:54,99,51
129,5/16/2019 23:46,5/24/2019 23:50,51,54
129,5/25/2019 14:47,7/25/2019 20:09,54,99
129,8/31/2019 23:50,9/12/2019 6:41,99,130
129,9/12/2019 20:47,10/18/2019 23:46,130,99
130,1/2/2019 7:20,1/16/2019 21:53,18,156
130,1/18/2019 16:51,1/30/2019 4:58,156,139
130,1/31/2019 7:53,2/13/2019 21:07,139,156
130,2/15/2019 7:27,2/25/2019 1:44,156,139
130,2/26/2019 4:53,3/9/2019 22:56,139,156
130,5/6/2019 16:29,5/18/2019 20:44,156,139
130,5/19/2019 23:51,5/29/2019 16:31,139,156
130,5/30/2019 23:52,6/10/2019 1:29,156,7
130,6/10/2019 18:59,6/23/2019 16:29,7,156
130,7/21/2019 1:30,8/1/2019 23:54,156,139
130,8/2/2019 23:50,8/13/2019 16:29,139,156
130,9/7/2019 20:45,9/18/2019 23:56,156,139
130,9/19/2019 23:47,9/29/2019 20:48,139,99
130,10/1/2019 5:55,10/13/2019 23:28,99,139
130,10/15/2019 4:30,11/1/2019 16:15,139,156
130,11/2/2019 18:44,11/16/2019 19:47,156,143
130,11/17/2019 21:48,11/27/2019 16:05,143,156
131,2/15/2019 1:59,3/2/2019 22:07,48,69
131,3/4/2019 11:46,3/10/2019 1:46,69,29
131,3/11/2019 6:37,3/20/2019 9:05,29,69
131,3/21/2019 21:54,4/5/2019 20:38,69,11
131,4/6/2019 22:21,5/6/2019 17:12,11,69
131,5/27/2019 5:46,6/11/2019 20:56,69,30
131,6/13/2019 1:31,6/26/2019 2:54,30,99
131,6/27/2019 4:30,7/14/2019 20:51,99,34
131,7/15/2019 23:54,8/2/2019 16:49,34,69
131,8/25/2019 5:37,8/31/2019 23:50,69,139
131,9/1/2019 23:51,9/8/2019 19:51,139,69
131,9/10/2019 7:16,9/23/2019 23:53,69,34
131,9/24/2019 23:54,10/6/2019 20:08,34,69
131,10/8/2019 5:44,10/27/2019 20:54,69,34
131,10/28/2019 23:44,12/10/2019 15:16,34,69
131,12/12/2019 5:22,12/23/2019 21:19,69,149
132,1/6/2019 13:54,1/16/2019 7:56,156,14
132,1/17/2019 7:59,2/1/2019 22:36,14,156
132,2/3/2019 16:36,3/15/2019 3:53,156,14
132,3/16/2019 6:54,3/25/2019 21:05,14,156
132,3/27/2019 6:31,4/4/2019 22:16,156,139
132,4/6/2019 1:20,5/14/2019 16:31,139,156
132,5/19/2019 4:30,6/1/2019 1:21,156,7
132,6/1/2019 20:46,6/26/2019 16:30,7,156
132,6/28/2019 8:46,7/7/2019 23:43,156,14
132,7/9/2019 1:22,7/22/2019 16:28,14,156
132,7/25/2019 7:30,8/2/2019 20:51,156,7
132,8/3/2019 18:59,8/18/2019 16:29,7,156
132,8/20/2019 17:46,8/30/2019 20:39,156,7
132,8/31/2019 18:59,9/12/2019 16:27,7,156
132,9/14/2019 5:00,9/25/2019 20:58,156,70
132,9/27/2019 1:31,10/11/2019 17:48,70,156
132,10/12/2019 23:49,10/20/2019 20:53,156,139
132,10/21/2019 23:45,10/29/2019 16:25,139,156
132,10/30/2019 20:52,11/15/2019 21:56,156,30
132,11/17/2019 0:52,12/2/2019 15:52,30,156
132,12/4/2019 0:53,12/15/2019 1:35,156,14
133,3/31/2019 22:22,6/3/2019 19:43,51,112
133,6/4/2019 23:44,6/30/2019 20:42,112,51
133,7/1/2019 20:43,8/9/2019 21:36,51,65
133,8/10/2019 20:54,8/28/2019 20:55,65,112
133,8/29/2019 23:46,9/23/2019 23:53,112,65
135,8/17/2019 23:50,9/7/2019 1:28,65,30
135,9/7/2019 20:49,9/30/2019 20:59,30,22
135,10/1/2019 23:49,10/22/2019 23:45,22,51
135,10/23/2019 20:44,11/2/2019 16:30,51,100
135,11/4/2019 2:31,11/15/2019 0:42,100,51
135,11/15/2019 21:57,12/8/2019 20:16,51,7
136,1/22/2019 1:49,2/24/2019 1:37,51,30
136,2/25/2019 4:59,4/26/2019 23:47,30,65
136,9/20/2019 23:50,10/29/2019 20:46,65,22
136,10/30/2019 23:58,11/21/2019 0:56,22,51
137,1/26/2019 4:59,2/21/2019 4:41,121,11
137,2/22/2019 4:59,3/19/2019 3:57,11,51
137,3/20/2019 6:59,4/6/2019 4:25,51,90
137,4/7/2019 1:25,4/14/2019 22:16,90,30
137,4/15/2019 19:16,4/27/2019 5:57,30,90
137,6/10/2019 18:31,6/30/2019 20:42,90,30
137,7/1/2019 23:46,7/24/2019 18:59,30,123
137,7/25/2019 20:50,8/30/2019 23:47,123,65
137,8/31/2019 23:49,9/12/2019 20:45,65,90
137,9/13/2019 20:50,9/23/2019 23:53,90,22
137,9/25/2019 1:30,10/5/2019 8:02,22,90
137,10/6/2019 2:21,10/25/2019 14:51,90,100
137,10/27/2019 2:55,11/25/2019 0:49,100,51
137,11/26/2019 0:57,12/5/2019 15:52,51,156
137,12/6/2019 15:50,12/16/2019 0:40,156,152
138,1/5/2019 1:59,1/29/2019 19:47,151,23
138,1/30/2019 19:46,3/14/2019 2:53,23,151
138,3/15/2019 3:59,3/31/2019 5:31,151,59
138,4/1/2019 1:14,4/15/2019 20:43,59,151
138,4/17/2019 1:13,5/27/2019 20:55,151,59
138,5/29/2019 5:32,6/11/2019 20:45,59,151
138,6/13/2019 1:31,6/27/2019 23:46,151,59
138,6/28/2019 2:50,7/12/2019 20:24,59,151
138,7/13/2019 23:57,7/29/2019 4:28,151,59
138,7/30/2019 4:31,8/17/2019 2:52,59,151
138,8/17/2019 23:50,9/14/2019 4:58,151,100
138,9/15/2019 17:49,9/24/2019 20:53,100,123
138,9/26/2019 1:30,10/18/2019 0:41,123,59
138,10/19/2019 5:33,11/1/2019 21:42,59,151
139,11/3/2019 4:35,11/23/2019 20:16,69,34
139,11/24/2019 21:47,12/13/2019 16:26,34,69
140,3/16/2019 3:37,5/8/2019 18:29,34,69
140,5/11/2019 3:52,5/19/2019 1:35,69,34
140,5/19/2019 23:52,6/1/2019 1:09,34,69
140,6/2/2019 17:37,6/10/2019 20:49,69,34
140,6/11/2019 23:45,6/18/2019 16:59,34,69
140,6/20/2019 2:53,6/27/2019 22:22,69,11
140,6/29/2019 1:32,7/31/2019 18:08,11,69
140,8/2/2019 1:25,8/12/2019 23:39,69,13
140,8/14/2019 2:49,8/20/2019 18:50,13,69
140,9/19/2019 2:46,9/26/2019 5:27,69,29
140,9/27/2019 20:46,10/10/2019 7:21,29,69
140,11/7/2019 7:01,11/16/2019 21:46,69,139
140,11/17/2019 21:48,11/28/2019 16:38,139,69
140,11/29/2019 23:55,12/12/2019 21:54,69,48
141,3/8/2019 3:05,4/4/2019 22:09,157,22
141,4/5/2019 19:13,4/11/2019 21:13,22,157
141,6/21/2019 13:19,6/28/2019 2:50,157,152
141,6/28/2019 23:51,7/26/2019 2:39,152,157
141,7/26/2019 13:46,8/7/2019 3:37,157,130
141,8/7/2019 23:57,8/14/2019 19:58,130,157
141,8/15/2019 23:50,8/22/2019 20:38,157,58
141,9/11/2019 5:01,9/20/2019 7:20,58,157
141,9/21/2019 16:48,9/28/2019 23:48,157,51
141,9/29/2019 23:55,10/14/2019 16:06,51,157
141,10/16/2019 11:52,10/22/2019 23:45,157,58
141,10/23/2019 20:44,11/26/2019 4:26,58,18
141,11/27/2019 2:44,12/15/2019 5:29,18,58
142,1/18/2019 1:59,4/28/2019 20:32,152,22
142,4/29/2019 20:56,5/7/2019 3:34,22,157
142,6/13/2019 3:53,6/20/2019 19:24,157,40
142,6/21/2019 23:33,7/7/2019 23:51,40,30
142,7/8/2019 18:59,7/23/2019 22:17,30,51
142,7/24/2019 20:52,7/31/2019 17:49,51,157
142,8/2/2019 14:51,8/7/2019 0:14,157,7
142,8/7/2019 20:53,12/5/2019 2:14,7,70
142,12/6/2019 18:57,12/21/2019 20:26,70,22
143,1/17/2019 1:46,1/24/2019 3:07,92,152
143,1/25/2019 1:59,2/7/2019 22:59,152,130
143,2/8/2019 1:59,2/22/2019 22:57,130,92
143,2/23/2019 1:40,3/4/2019 1:42,92,22
143,3/5/2019 1:47,3/16/2019 0:28,22,92
143,3/17/2019 0:59,3/24/2019 1:52,92,22
143,3/25/2019 0:59,4/6/2019 18:19,22,92
143,4/7/2019 19:25,4/13/2019 21:59,92,139
143,5/23/2019 20:55,6/17/2019 18:39,139,92
143,6/19/2019 2:35,6/27/2019 23:53,92,22
143,6/28/2019 18:57,7/23/2019 19:32,22,92
143,7/24/2019 18:22,7/31/2019 20:45,92,22
143,8/1/2019 20:51,8/18/2019 17:14,22,92
143,8/18/2019 20:46,8/25/2019 20:45,92,130
143,8/26/2019 18:59,9/14/2019 18:41,130,92
143,9/15/2019 20:46,9/23/2019 23:28,92,139
143,9/24/2019 23:57,10/6/2019 18:30,139,92
143,10/7/2019 23:39,10/14/2019 21:27,92,22
143,10/15/2019 20:49,12/11/2019 23:30,22,139
145,1/19/2019 1:57,1/24/2019 6:41,29,69
145,1/25/2019 21:39,1/31/2019 8:09,69,29
145,2/1/2019 7:59,2/9/2019 6:44,29,69
145,2/10/2019 8:43,2/22/2019 1:58,69,29
145,2/24/2019 3:57,4/27/2019 18:33,29,69
145,4/30/2019 11:43,5/6/2019 20:29,69,29
145,5/7/2019 23:54,5/13/2019 22:24,29,69
145,5/15/2019 8:52,5/21/2019 20:45,69,29
145,6/6/2019 23:51,6/12/2019 22:17,29,69
145,6/14/2019 8:28,6/20/2019 20:40,69,29
145,7/7/2019 1:24,7/14/2019 0:44,29,69
145,7/15/2019 9:22,7/20/2019 20:44,69,29
145,7/21/2019 23:54,7/27/2019 19:54,29,69
145,7/29/2019 2:48,8/4/2019 21:50,69,29
145,8/5/2019 23:53,8/11/2019 21:06,29,69
145,8/13/2019 2:22,8/18/2019 20:39,69,29
145,8/20/2019 23:55,8/28/2019 0:36,29,69
145,8/29/2019 17:49,9/4/2019 23:45,69,29
145,9/6/2019 0:42,9/11/2019 22:36,29,69
145,9/13/2019 4:55,9/18/2019 20:56,69,29
145,10/7/2019 1:27,11/13/2019 15:26,29,69
145,11/15/2019 0:33,11/21/2019 0:54,69,29
145,12/10/2019 21:46,12/15/2019 16:52,29,69
145,12/17/2019 0:55,12/23/2019 3:48,69,29
146,1/4/2019 1:50,1/14/2019 4:54,7,152
146,1/15/2019 4:59,2/13/2019 1:58,152,34
146,2/14/2019 4:59,3/21/2019 0:40,34,40
146,3/22/2019 0:58,4/13/2019 1:15,40,90
146,4/13/2019 23:09,4/19/2019 22:16,90,22
146,4/20/2019 18:57,4/29/2019 8:53,22,90
146,4/30/2019 5:53,5/2/2019 17:53,90,121
146,5/3/2019 18:59,5/6/2019 23:50,121,90
146,5/7/2019 20:48,5/13/2019 23:51,90,139
146,5/14/2019 23:50,5/22/2019 17:16,139,90
146,5/23/2019 15:12,5/30/2019 23:56,90,51
146,5/31/2019 23:44,6/14/2019 20:05,51,90
146,6/16/2019 9:37,6/27/2019 20:51,90,48
146,6/28/2019 20:47,7/14/2019 20:41,48,7
146,7/15/2019 18:59,7/24/2019 23:51,7,90
146,7/25/2019 20:49,7/31/2019 23:44,90,65
146,8/1/2019 23:55,8/10/2019 23:35,65,90
146,8/12/2019 1:58,8/19/2019 1:30,90,65
146,8/19/2019 23:54,8/25/2019 23:49,65,90
146,8/26/2019 20:45,9/10/2019 6:23,90,146
146,9/10/2019 20:57,9/27/2019 23:49,146,90
146,9/28/2019 20:00,10/7/2019 21:23,90,34
146,10/8/2019 20:54,10/16/2019 20:49,34,90
146,10/17/2019 17:46,10/21/2019 14:36,90,7
146,10/21/2019 18:59,10/28/2019 16:06,7,69
146,10/30/2019 5:26,11/11/2019 21:12,69,34
146,11/12/2019 21:54,11/25/2019 0:48,34,90
146,11/25/2019 21:45,12/2/2019 21:47,90,146
146,12/3/2019 21:48,12/11/2019 0:48,146,90
146,12/12/2019 6:40,12/17/2019 21:55,90,108
146,12/18/2019 21:51,12/24/2019 21:54,108,90
146,12/25/2019 21:44,12/30/2019 22:24,90,34
147,2/6/2019 1:59,2/19/2019 4:56,22,65
147,2/20/2019 1:33,3/29/2019 0:56,65,30
147,3/29/2019 22:24,4/11/2019 4:11,30,90
147,4/12/2019 1:24,4/20/2019 1:29,90,51
147,4/21/2019 1:20,5/8/2019 2:39,51,90
147,5/9/2019 4:30,5/15/2019 23:43,90,72
147,5/16/2019 23:46,5/23/2019 17:47,72,90
147,5/24/2019 14:54,5/29/2019 2:49,90,29
147,5/30/2019 5:56,6/19/2019 19:51,29,7
147,6/20/2019 18:59,7/20/2019 17:41,7,121
147,7/21/2019 14:52,7/28/2019 17:56,121,90
147,7/29/2019 10:44,8/2/2019 1:31,90,54
147,8/4/2019 20:50,8/14/2019 18:59,54,148
147,8/15/2019 17:54,9/5/2019 19:55,148,7
147,9/6/2019 18:59,9/12/2019 6:42,7,90
147,9/12/2019 17:41,9/18/2019 20:56,90,22
147,9/19/2019 18:58,9/26/2019 22:59,22,90
147,9/27/2019 20:45,10/7/2019 23:21,90,108
147,10/8/2019 23:59,10/14/2019 11:50,108,90
147,10/15/2019 11:53,10/21/2019 19:27,90,72
147,10/22/2019 18:58,11/27/2019 3:52,72,90
147,11/28/2019 0:49,12/11/2019 0:47,90,51
147,12/12/2019 2:20,12/17/2019 21:53,51,90
147,12/18/2019 21:15,12/24/2019 21:57,90,139
148,1/27/2019 1:49,2/11/2019 7:55,139,65
148,2/12/2019 10:44,2/20/2019 10:43,65,21
148,2/22/2019 4:09,2/28/2019 1:40,21,65
148,3/1/2019 1:42,3/13/2019 3:21,65,54
148,3/14/2019 2:56,4/13/2019 19:23,54,21
148,4/15/2019 9:59,4/23/2019 22:23,21,54
148,4/25/2019 0:57,6/5/2019 18:58,54,21
148,6/7/2019 13:02,6/13/2019 23:46,21,51
148,6/14/2019 23:48,6/20/2019 19:40,51,21
148,6/22/2019 10:57,6/30/2019 23:45,21,65
148,7/1/2019 23:46,7/7/2019 19:43,65,21
148,7/9/2019 15:11,7/14/2019 23:05,21,168
148,7/16/2019 7:32,7/30/2019 17:38,168,21
148,8/1/2019 2:10,8/7/2019 23:06,21,154
148,8/8/2019 23:52,8/28/2019 20:30,154,7
148,8/29/2019 18:59,9/1/2019 10:26,7,21
148,9/2/2019 23:53,9/14/2019 4:57,21,65
148,9/15/2019 5:00,9/28/2019 23:51,65,30
148,9/29/2019 23:55,10/20/2019 23:55,30,65
148,10/21/2019 23:45,10/27/2019 20:06,65,21
148,10/29/2019 17:51,11/5/2019 4:56,21,72
148,11/6/2019 2:30,11/14/2019 9:38,72,21
148,11/14/2019 10:33,11/20/2019 21:45,21,65
148,11/21/2019 21:53,11/30/2019 18:57,65,21
148,12/2/2019 9:22,12/11/2019 0:48,21,141
149,1/31/2019 4:53,3/29/2019 9:54,30,101
149,3/30/2019 4:22,4/2/2019 7:20,101,35
149,4/3/2019 22:14,4/17/2019 1:09,35,101
149,4/18/2019 1:14,5/2/2019 23:37,101,35
149,5/4/2019 5:56,5/13/2019 1:29,35,101
149,5/14/2019 16:04,6/5/2019 23:44,101,51
149,6/6/2019 20:48,6/25/2019 1:28,51,101
149,6/26/2019 1:30,7/13/2019 20:53,101,35
149,7/15/2019 4:30,8/4/2019 23:52,35,101
149,8/6/2019 4:31,8/20/2019 20:55,101,23
149,8/22/2019 7:29,8/27/2019 23:41,23,101
149,8/29/2019 1:32,9/16/2019 23:54,101,51
149,9/17/2019 20:54,10/18/2019 11:18,51,101
150,1/7/2019 1:59,1/20/2019 9:50,149,59
150,1/21/2019 10:04,2/1/2019 1:59,59,121
150,2/2/2019 4:59,2/19/2019 12:27,121,59
150,2/19/2019 15:07,3/5/2019 13:47,59,18
150,3/7/2019 13:59,3/21/2019 3:41,18,59
150,3/22/2019 11:07,4/4/2019 19:27,59,22
150,4/5/2019 18:58,4/20/2019 4:31,22,59
150,5/21/2019 22:52,6/4/2019 20:56,59,34
150,6/5/2019 23:47,7/13/2019 7:31,34,59
150,7/15/2019 13:32,7/27/2019 17:56,59,45
150,7/29/2019 14:54,8/11/2019 0:13,45,59
150,9/15/2019 20:42,9/30/2019 23:45,59,70
150,10/1/2019 23:49,10/31/2019 21:00,70,48
150,11/1/2019 20:46,12/4/2019 0:52,48,154
150,12/5/2019 0:53,12/15/2019 14:30,154,59
151,2/13/2019 1:54,3/12/2019 3:32,7,51
151,3/13/2019 0:45,4/11/2019 1:23,51,30
151,4/12/2019 1:24,4/27/2019 0:44,30,59
151,4/28/2019 1:30,5/12/2019 1:30,59,65
151,5/13/2019 1:30,6/23/2019 0:01,65,59
151,6/25/2019 23:39,7/10/2019 6:47,59,30
151,7/11/2019 1:31,7/25/2019 6:34,30,59
151,8/25/2019 4:30,9/9/2019 20:52,59,51
151,9/10/2019 20:58,10/14/2019 1:20,51,65
151,10/15/2019 1:30,10/31/2019 7:06,65,59
151,10/31/2019 8:49,11/15/2019 21:55,59,65
151,11/16/2019 21:48,12/3/2019 2:25,65,59
151,12/3/2019 3:59,12/17/2019 21:52,59,22
152,1/7/2019 1:51,1/27/2019 1:54,30,101
152,1/27/2019 14:38,2/12/2019 4:52,101,51
152,3/23/2019 3:59,5/1/2019 15:51,51,23
152,5/3/2019 1:30,6/6/2019 22:59,23,101
152,6/8/2019 7:30,6/14/2019 10:30,101,35
152,6/15/2019 20:55,6/30/2019 7:22,35,101
152,7/1/2019 8:42,7/20/2019 23:48,101,51
152,7/21/2019 20:48,8/15/2019 23:35,51,101
152,8/17/2019 8:49,9/1/2019 23:49,101,30
152,9/2/2019 23:56,9/26/2019 21:17,30,101
152,9/27/2019 20:46,10/16/2019 23:53,101,51
152,10/17/2019 20:50,11/6/2019 21:40,51,101
152,11/7/2019 8:28,11/16/2019 3:09,101,35
152,11/17/2019 9:47,12/13/2019 5:02,35,101
153,4/29/2019 20:56,5/14/2019 3:19,58,59
153,8/17/2019 1:31,8/31/2019 20:38,59,72
153,11/10/2019 2:29,12/12/2019 5:30,72,58
154,3/16/2019 17:00,3/31/2019 20:09,65,39
154,4/1/2019 20:39,4/17/2019 22:11,39,65
154,4/19/2019 1:17,5/5/2019 4:30,65,58
154,5/6/2019 1:31,5/12/2019 7:54,58,21
154,5/14/2019 15:31,5/22/2019 1:31,21,65
154,6/8/2019 1:33,6/15/2019 19:53,65,21
154,6/17/2019 11:04,6/24/2019 1:29,21,65
154,7/29/2019 20:47,8/27/2019 20:52,65,54
154,8/29/2019 0:56,10/15/2019 19:50,54,40
154,10/16/2019 20:49,10/26/2019 10:14,40,21
154,10/26/2019 16:30,11/1/2019 21:26,21,65
155,1/4/2019 0:59,1/22/2019 4:57,48,72
155,1/23/2019 1:59,2/5/2019 1:59,72,48
155,2/6/2019 1:59,3/8/2019 4:57,48,22
155,3/9/2019 1:59,3/21/2019 9:55,22,34
155,3/22/2019 3:59,3/31/2019 19:06,34,121
155,4/1/2019 19:20,4/18/2019 20:42,121,90
155,4/19/2019 22:18,4/24/2019 22:26,90,34
155,4/25/2019 23:45,5/9/2019 14:44,34,90
155,5/10/2019 7:20,5/16/2019 20:43,90,22
155,5/17/2019 18:57,6/15/2019 5:55,22,90
155,6/16/2019 16:49,6/30/2019 19:20,90,146
155,7/1/2019 23:44,7/14/2019 18:59,146,11
155,7/15/2019 23:54,7/26/2019 20:49,11,90
155,7/27/2019 17:57,8/2/2019 20:52,90,34
155,8/3/2019 23:53,9/18/2019 5:50,34,54
155,9/19/2019 23:47,10/2/2019 20:49,54,90
155,10/3/2019 20:51,10/9/2019 2:58,90,121
155,10/10/2019 3:39,10/12/2019 17:51,121,90
155,10/13/2019 14:55,10/24/2019 23:20,90,152
155,10/25/2019 20:54,11/14/2019 21:53,152,51
155,11/15/2019 21:57,11/21/2019 21:49,51,90
155,11/22/2019 21:52,11/29/2019 0:43,90,34
155,11/29/2019 21:54,12/14/2019 6:57,34,90
156,1/18/2019 1:53,2/21/2019 7:33,51,65
156,3/30/2019 10:15,4/6/2019 8:27,65,21
156,4/7/2019 10:17,4/14/2019 22:14,21,58
156,4/15/2019 22:05,4/23/2019 22:48,58,21
156,4/26/2019 4:35,5/2/2019 23:44,21,65
156,5/3/2019 23:48,5/14/2019 14:37,65,21
156,5/17/2019 1:31,5/20/2019 20:50,21,7
156,5/21/2019 18:59,5/26/2019 11:52,7,21
156,5/28/2019 1:23,6/3/2019 2:55,21,65
156,6/4/2019 5:50,6/14/2019 6:43,65,21
156,6/15/2019 11:48,6/19/2019 20:42,21,168
156,6/21/2019 4:29,8/12/2019 19:59,168,21
156,8/15/2019 9:27,8/20/2019 23:55,21,168
156,8/22/2019 7:29,8/25/2019 8:40,168,21
156,8/26/2019 17:44,9/3/2019 2:55,21,65
156,9/4/2019 1:30,9/10/2019 12:12,65,21
156,9/12/2019 2:52,9/17/2019 20:53,21,7
156,9/18/2019 18:59,9/25/2019 19:11,7,21
156,9/27/2019 19:37,10/10/2019 1:30,21,154
156,10/10/2019 23:56,10/15/2019 8:48,154,21
156,11/4/2019 7:17,11/8/2019 21:55,21,65
156,11/9/2019 21:55,11/16/2019 18:59,65,21
156,11/19/2019 1:25,11/22/2019 21:50,21,7
156,11/23/2019 18:57,12/4/2019 15:29,7,21
156,12/5/2019 14:28,12/14/2019 0:49,21,139
156,12/14/2019 21:56,12/20/2019 19:20,139,21
156,12/22/2019 23:04,12/28/2019 21:48,21,65
157,1/29/2019 6:41,4/3/2019 1:15,121,90
157,4/4/2019 1:17,4/13/2019 6:53,90,126
157,4/15/2019 7:13,4/26/2019 5:52,126,90
157,4/27/2019 2:52,5/1/2019 4:30,90,29
157,5/2/2019 18:59,5/15/2019 6:51,29,90
157,5/31/2019 5:46,6/1/2019 20:45,90,54
157,6/2/2019 20:31,6/4/2019 23:43,54,90
157,6/5/2019 17:52,6/13/2019 1:25,90,152
157,6/13/2019 18:59,6/27/2019 3:51,152,90
157,6/28/2019 10:42,7/21/2019 20:02,90,7
157,7/22/2019 18:59,7/27/2019 20:42,7,90
157,7/28/2019 20:46,7/31/2019 22:10,90,7
157,8/1/2019 20:51,8/7/2019 23:57,7,90
157,8/25/2019 23:52,9/9/2019 20:53,90,48
157,9/10/2019 20:58,9/21/2019 5:55,48,90
157,10/7/2019 3:01,10/13/2019 20:52,90,123
157,10/15/2019 20:49,10/25/2019 2:51,123,90
157,10/26/2019 8:48,11/18/2019 21:44,90,139
157,11/20/2019 0:53,11/27/2019 9:43,139,90
157,12/13/2019 0:48,12/18/2019 19:23,90,34
158,1/11/2019 4:06,1/25/2019 1:57,112,22
158,1/26/2019 1:59,2/8/2019 1:59,22,112
158,2/9/2019 4:59,2/28/2019 4:55,112,108
158,3/1/2019 1:59,3/13/2019 12:41,108,58
158,3/28/2019 3:51,4/4/2019 1:15,58,54
158,4/4/2019 16:21,5/26/2019 5:44,54,90
158,5/27/2019 20:51,6/4/2019 22:36,90,108
158,6/5/2019 23:47,6/14/2019 2:50,108,90
158,6/15/2019 2:52,6/19/2019 23:47,90,34
158,6/21/2019 1:30,7/12/2019 1:20,34,143
158,7/12/2019 20:47,7/29/2019 11:47,143,90
158,8/18/2019 17:43,8/26/2019 20:14,90,7
158,8/27/2019 18:52,9/7/2019 20:47,7,90
158,10/10/2019 20:52,10/17/2019 23:52,90,152
158,10/18/2019 20:51,11/16/2019 21:46,152,90
158,12/8/2019 6:44,12/14/2019 0:48,90,22
158,12/14/2019 21:55,12/23/2019 0:49,22,90
159,2/13/2019 1:45,2/27/2019 1:08,48,146
159,2/28/2019 4:15,4/18/2019 22:27,146,54
159,4/21/2019 1:30,4/28/2019 8:50,54,90
159,4/29/2019 5:50,5/5/2019 1:27,90,152
159,5/6/2019 1:22,5/15/2019 20:53,152,90
159,5/16/2019 20:35,5/23/2019 20:54,90,48
159,5/24/2019 23:55,5/31/2019 23:43,48,90
159,6/1/2019 20:46,7/1/2019 23:44,90,65
159,7/2/2019 23:52,7/17/2019 1:29,65,51
159,7/18/2019 1:30,7/30/2019 20:48,51,90
159,7/31/2019 17:45,8/8/2019 20:50,90,48
159,8/9/2019 20:55,8/20/2019 23:54,48,90
159,8/21/2019 20:51,9/2/2019 2:53,90,65
159,9/3/2019 1:30,9/9/2019 5:47,65,90
159,9/24/2019 20:51,9/27/2019 13:27,90,121
159,9/28/2019 11:55,10/1/2019 20:42,121,90
159,10/2/2019 17:43,10/8/2019 23:53,90,22
159,10/9/2019 18:59,10/16/2019 23:53,22,90
159,10/17/2019 20:50,10/23/2019 23:45,90,65
159,10/25/2019 5:57,11/6/2019 0:56,65,90
159,11/7/2019 7:19,11/15/2019 21:57,90,48
159,11/16/2019 21:47,11/23/2019 0:55,48,90
159,11/23/2019 21:47,11/26/2019 21:45,90,121
159,11/27/2019 21:46,12/1/2019 0:51,121,90
159,12/1/2019 21:49,12/10/2019 0:39,90,11
159,12/11/2019 0:48,12/16/2019 6:49,11,90
159,12/17/2019 6:48,12/22/2019 21:51,90,152
160,9/21/2019 2:48,10/2/2019 23:52,90,54
160,10/4/2019 21:52,11/19/2019 0:51,54,90
161,1/11/2019 12:59,1/25/2019 4:24,95,91
161,1/26/2019 4:52,3/27/2019 18:59,91,10
161,3/29/2019 19:25,4/12/2019 1:22,10,24
161,4/13/2019 13:21,5/8/2019 7:28,24,10
161,5/9/2019 10:31,5/25/2019 1:30,10,144
161,5/25/2019 23:51,6/9/2019 1:27,144,10
161,6/10/2019 1:30,6/25/2019 1:26,10,24
161,6/26/2019 10:30,7/26/2019 2:55,24,10
161,7/27/2019 2:55,8/20/2019 2:35,10,24
161,8/22/2019 4:30,9/6/2019 8:55,24,10
161,9/7/2019 9:29,9/21/2019 0:37,10,20
161,9/21/2019 23:50,10/28/2019 8:51,20,165
161,10/30/2019 10:30,11/16/2019 9:52,165,87
161,11/17/2019 9:47,12/1/2019 9:52,87,165
162,1/8/2019 1:59,1/19/2019 1:59,48,121
162,1/20/2019 3:50,1/30/2019 6:46,121,65
162,1/31/2019 2:02,2/22/2019 4:50,65,152
162,2/23/2019 1:59,3/8/2019 10:56,152,48
162,3/9/2019 7:36,3/15/2019 3:15,48,90
162,3/17/2019 9:58,3/31/2019 22:21,90,143
162,4/1/2019 22:25,4/8/2019 13:12,143,90
162,4/9/2019 10:14,4/14/2019 22:25,90,11
162,4/15/2019 23:30,4/21/2019 22:16,11,90
162,4/23/2019 1:30,4/29/2019 23:43,90,65
162,4/30/2019 20:56,5/13/2019 20:51,65,90
162,5/31/2019 20:23,6/13/2019 1:30,90,65
162,6/13/2019 20:56,7/9/2019 19:14,65,123
162,7/11/2019 1:32,7/18/2019 6:42,123,90
162,7/18/2019 20:53,7/24/2019 1:28,90,7
162,7/24/2019 18:59,7/31/2019 20:50,7,90
162,8/17/2019 17:58,8/25/2019 19:57,90,7
162,8/26/2019 18:59,10/14/2019 2:55,7,54
162,10/24/2019 23:50,10/30/2019 23:49,54,90
162,11/14/2019 18:52,11/20/2019 21:50,90,22
162,11/21/2019 21:53,11/28/2019 3:51,22,90
162,12/16/2019 0:39,12/21/2019 20:05,90,7
163,3/27/2019 0:59,4/1/2019 22:23,22,90
163,4/2/2019 19:24,4/9/2019 4:16,90,58
163,4/10/2019 1:18,4/17/2019 1:12,58,90
163,4/18/2019 1:05,4/23/2019 22:24,90,139
163,4/24/2019 19:21,5/3/2019 23:48,139,90
163,5/4/2019 20:30,5/12/2019 1:29,90,22
163,5/12/2019 18:57,6/5/2019 20:38,22,90
163,6/7/2019 5:43,6/15/2019 19:48,90,7
163,6/16/2019 18:59,6/20/2019 2:52,7,90
163,6/21/2019 2:53,6/29/2019 23:37,90,72
163,6/30/2019 23:46,7/31/2019 23:52,72,90
163,8/1/2019 23:56,8/4/2019 18:50,90,121
163,8/5/2019 17:48,8/14/2019 20:44,121,90
163,8/15/2019 17:43,8/22/2019 23:44,90,152
163,8/23/2019 23:45,10/22/2019 17:53,152,90
163,10/24/2019 8:45,10/29/2019 23:04,90,123
163,10/31/2019 20:47,11/14/2019 21:57,123,121
163,11/15/2019 21:55,11/19/2019 21:50,121,90
164,1/3/2019 1:52,1/18/2019 1:49,30,139
164,1/19/2019 1:49,1/26/2019 2:21,139,90
164,1/27/2019 18:39,3/6/2019 1:57,90,22
164,3/7/2019 1:59,4/1/2019 22:24,22,30
164,4/2/2019 18:59,4/11/2019 1:23,30,90
164,4/12/2019 1:24,4/17/2019 22:11,90,48
164,4/18/2019 22:16,4/28/2019 20:48,48,90
164,5/25/2019 20:46,5/31/2019 2:41,90,75
164,6/1/2019 5:38,7/21/2019 23:49,75,152
164,7/22/2019 18:59,8/7/2019 8:50,152,90
164,8/8/2019 5:50,8/13/2019 20:52,90,7
164,8/14/2019 18:59,8/23/2019 20:40,7,90
164,8/24/2019 20:46,9/2/2019 1:29,90,22
164,9/3/2019 1:29,9/15/2019 20:50,22,90
164,9/16/2019 17:49,9/23/2019 23:56,90,139
164,9/25/2019 1:30,9/30/2019 17:51,139,90
164,10/19/2019 5:26,10/25/2019 20:53,90,143
164,10/26/2019 18:59,11/19/2019 0:51,143,51
164,11/19/2019 21:54,11/26/2019 3:53,51,90
165,5/19/2019 11:52,6/24/2019 2:44,65,108
165,6/25/2019 6:34,7/26/2019 6:50,108,97
165,7/27/2019 11:55,9/13/2019 20:15,97,51
165,9/15/2019 4:58,10/25/2019 6:39,51,97
166,2/25/2019 4:51,3/8/2019 13:51,136,15
166,3/9/2019 13:46,3/23/2019 21:55,15,138
166,3/24/2019 21:51,4/8/2019 7:18,138,15
166,4/9/2019 16:22,4/29/2019 8:53,15,138
166,4/30/2019 13:31,5/16/2019 1:24,138,20
166,5/16/2019 20:42,6/12/2019 5:51,20,138
166,6/13/2019 4:31,6/22/2019 8:49,138,120
166,6/23/2019 10:24,7/6/2019 18:58,120,138
166,7/8/2019 4:31,8/7/2019 23:54,138,34
166,8/8/2019 23:52,9/10/2019 14:47,34,160
166,9/11/2019 14:12,9/17/2019 8:54,160,83
166,9/18/2019 13:31,9/22/2019 4:26,83,138
166,9/23/2019 11:54,10/7/2019 8:47,138,120
166,10/8/2019 8:50,10/24/2019 18:59,120,138
166,10/26/2019 13:30,11/8/2019 2:31,138,33
166,11/9/2019 5:31,11/16/2019 8:29,33,46
166,12/4/2019 3:57,12/6/2019 3:53,46,144
167,7/27/2019 11:55,8/23/2019 20:41,138,58
167,8/24/2019 20:41,9/29/2019 8:48,58,138
168,2/3/2019 4:47,3/7/2019 12:54,139,97
168,5/13/2019 10:35,6/9/2019 1:30,97,139
168,6/10/2019 1:31,7/15/2019 7:33,139,97
168,9/12/2019 8:44,11/11/2019 4:53,97,170
168,11/12/2019 6:51,11/23/2019 7:46,170,97
170,7/2/2019 17:45,7/9/2019 1:31,169,7
170,7/9/2019 20:46,7/19/2019 3:27,7,169
170,7/20/2019 6:44,7/31/2019 23:54,169,18
170,8/2/2019 1:32,8/19/2019 20:50,18,48
170,8/20/2019 20:52,8/30/2019 4:50,48,169
170,8/31/2019 8:02,9/9/2019 6:56,169,7
170,9/9/2019 18:59,10/18/2019 16:39,7,169
170,11/12/2019 14:49,11/20/2019 21:55,169,48
170,11/21/2019 21:51,11/26/2019 19:18,48,169
170,11/27/2019 21:42,12/6/2019 19:44,169,40
170,12/7/2019 18:45,12/16/2019 17:28,40,169
171,2/4/2019 4:59,2/23/2019 4:07,22,51
171,2/24/2019 1:51,3/8/2019 11:19,51,169
171,3/9/2019 22:31,3/22/2019 2:52,169,139
171,3/23/2019 3:43,3/31/2019 1:19,139,169
171,4/1/2019 10:16,4/6/2019 21:56,169,152
171,4/7/2019 22:27,4/14/2019 1:54,152,169
171,5/5/2019 9:39,5/8/2019 20:50,169,22
171,5/9/2019 18:57,5/22/2019 17:56,22,169
171,5/23/2019 9:53,5/28/2019 20:42,169,130
171,5/29/2019 20:41,6/24/2019 3:23,130,169
171,7/17/2019 21:30,7/27/2019 19:46,169,40
171,7/28/2019 23:56,8/2/2019 4:07,40,169
171,8/2/2019 14:41,8/11/2019 20:18,169,7
171,8/12/2019 18:59,8/21/2019 4:49,7,169
171,8/22/2019 10:08,8/26/2019 22:32,169,108
171,8/27/2019 23:38,9/3/2019 3:20,108,169
171,9/4/2019 5:24,9/6/2019 17:51,169,141
171,9/7/2019 17:44,9/25/2019 20:58,141,22
171,9/27/2019 1:31,10/15/2019 20:27,22,48
171,10/16/2019 23:50,11/20/2019 7:44,48,169
172,1/9/2019 1:33,1/30/2019 4:54,51,65
172,1/31/2019 1:51,2/14/2019 4:40,65,51
172,2/15/2019 1:56,2/24/2019 1:59,51,48
172,3/20/2019 0:07,3/23/2019 23:35,48,169
172,3/25/2019 0:36,3/30/2019 1:17,169,30
172,3/31/2019 4:13,4/6/2019 1:43,30,169
172,4/7/2019 6:47,4/10/2019 22:16,169,48
172,4/11/2019 18:58,4/16/2019 3:31,48,169
172,4/17/2019 6:37,4/22/2019 1:24,169,40
172,4/22/2019 18:56,5/10/2019 19:56,40,169
172,5/11/2019 23:32,5/17/2019 23:49,169,65
172,5/19/2019 1:35,5/30/2019 23:52,65,51
172,5/31/2019 20:56,6/13/2019 1:32,51,48
172,6/13/2019 18:59,6/25/2019 1:25,48,39
172,6/26/2019 2:50,7/9/2019 1:29,39,51
172,7/10/2019 6:44,7/15/2019 5:17,51,169
172,7/15/2019 16:27,7/19/2019 1:19,169,40
172,7/19/2019 23:52,7/29/2019 23:42,40,51
172,7/30/2019 20:48,8/5/2019 17:08,51,169
172,8/7/2019 1:30,8/11/2019 1:32,169,51
172,8/12/2019 0:51,8/21/2019 20:53,51,48
172,8/22/2019 18:58,9/3/2019 23:55,48,65
172,9/4/2019 20:54,9/10/2019 4:48,65,169
172,9/11/2019 11:19,9/14/2019 17:47,169,30
172,9/15/2019 18:59,9/21/2019 3:42,30,169
172,9/22/2019 11:37,9/26/2019 1:31,169,40
172,9/26/2019 18:59,10/8/2019 20:49,40,48
172,10/10/2019 18:59,10/20/2019 1:29,48,51
172,10/20/2019 23:55,10/28/2019 5:00,51,169
172,10/29/2019 23:47,11/4/2019 2:29,169,51
172,11/4/2019 21:54,11/16/2019 21:39,51,48
172,11/17/2019 21:48,11/23/2019 22:13,48,169
172,11/25/2019 0:49,11/28/2019 0:48,169,51
172,11/28/2019 21:48,12/4/2019 5:51,51,169
172,12/5/2019 6:37,12/8/2019 21:47,169,51
172,12/9/2019 18:57,12/13/2019 18:58,51,169
172,12/14/2019 21:06,12/18/2019 21:51,169,30
172,12/19/2019 21:55,12/24/2019 18:47,30,169
172,12/25/2019 21:05,12/28/2019 21:14,169,48
175,1/16/2019 13:36,1/28/2019 10:56,64,27
175,1/29/2019 1:49,2/12/2019 18:59,27,64
175,2/13/2019 18:59,2/26/2019 7:56,64,27
175,2/27/2019 9:17,3/16/2019 12:58,27,64
175,3/18/2019 8:52,3/21/2019 9:44,64,102
175,3/22/2019 3:51,4/2/2019 22:26,102,64
175,4/5/2019 4:22,4/16/2019 7:18,64,27
175,4/17/2019 4:17,4/25/2019 16:29,27,64
175,4/26/2019 23:47,5/7/2019 5:55,64,102
175,5/8/2019 4:30,5/17/2019 13:29,102,64
175,5/18/2019 14:52,6/2/2019 5:00,64,102
175,6/3/2019 2:57,6/15/2019 2:52,102,64
175,6/16/2019 4:31,6/25/2019 14:53,64,102
175,6/26/2019 13:31,7/4/2019 4:29,102,64
175,7/5/2019 2:51,7/22/2019 4:29,64,27
175,7/23/2019 8:50,8/9/2019 16:30,27,64
175,8/10/2019 18:59,8/17/2019 1:31,64,102
175,8/17/2019 23:50,8/28/2019 11:42,102,64
175,8/29/2019 13:08,9/11/2019 8:04,64,27
175,9/12/2019 6:42,9/25/2019 13:28,27,64
175,9/27/2019 4:31,10/9/2019 5:36,64,27
175,10/10/2019 4:30,10/29/2019 16:29,27,64
175,10/30/2019 13:30,11/7/2019 14:30,64,102
175,11/8/2019 9:57,11/18/2019 0:50,102,64
175,11/18/2019 18:45,11/30/2019 3:34,64,27
175,12/1/2019 2:29,12/16/2019 21:51,27,64
176,1/6/2019 1:57,2/9/2019 16:58,102,64
176,6/20/2019 7:31,6/26/2019 2:35,64,20
176,6/26/2019 20:46,7/2/2019 10:31,20,64
176,7/3/2019 7:31,7/9/2019 3:42,64,20
176,7/10/2019 5:42,7/26/2019 23:51,20,64
176,7/28/2019 16:31,8/1/2019 7:31,64,136
176,8/2/2019 8:45,8/14/2019 8:55,136,64
176,11/4/2019 2:31,11/19/2019 5:28,64,56
176,11/21/2019 3:58,12/2/2019 18:42,56,136
176,12/3/2019 17:29,12/10/2019 14:29,136,64
